unified_mlo,categoria_v6,spatial_location,taxonomic_scope,cell_type_context,physiological_state,n_prot_con_dato,discrepancia_categoria_vs_taxon
fip200_puncta,Autofagia,cytoplasm,Metazoa,,constitutive,2,
actin_cortical_patch,Citoesqueleto,cytoskeleton,Metazoa,,constitutive,5,
centrosome,Citoesqueleto,cytoskeleton,Metazoa,,constitutive,998,
contractile_ring,Citoesqueleto,cytoskeleton,Fungi,,constitutive,1,
fusion_focus,Citoesqueleto,cytoskeleton,Fungi,,constitutive,1,
plectin_condensate,Citoesqueleto,cytoskeleton,Metazoa,,constitutive,2,
polarisome,Citoesqueleto,cytoskeleton,Fungi,,constitutive,1,
spindle_apparatus,Citoesqueleto,cytoskeleton,pan_Metazoa+Viridiplantae,,constitutive,88,
spindle_pole_body,Citoesqueleto,cytoskeleton,Fungi,,constitutive,135,
z_disc_condensate,Citoesqueleto,cytoskeleton,Metazoa,muscle,constitutive,1,
aggresome,Citoplasmático,cytoplasm,Bacteria,,stress_induced,6,
amyloid_aggregate,Citoplasmático,cytoplasm,Fungi,,pathological,1,
antiviral_condensate,Citoplasmático,cytoplasm,Viridiplantae,,infection,1,
bag2_condensate,Citoplasmático,cytoplasm,Metazoa,,constitutive,1,
cgas_dna_complex,Citoplasmático,cytoplasm,Metazoa,,constitutive,4,
chaperone_condensate,Citoplasmático,cytoplasm,Protista,,constitutive,1,
chromogranin_condensate,Citoplasmático,cytoplasm,Metazoa,chromaffin_cell,constitutive,4,
cojusome,Citoplasmático,cytoplasm,Protista,,constitutive,1,
cytoplasmic_protein_granule,Citoplasmático,cytoplasm,pan_Fungi+Metazoa,,constitutive,18,
cytoplasmic_rnp_granule,Citoplasmático,cytoplasm,Metazoa,,constitutive,65,
d_granule,Citoplasmático,cytoplasm,Metazoa,,constitutive,1,
eres_condensate,Citoplasmático,cytoplasm,Metazoa,,constitutive,10,
ferritin_condensate,Citoplasmático,cytoplasm,Metazoa,,constitutive,3,
frq_condensate,Citoplasmático,cytoplasm,Fungi,,constitutive,1,
glycolytic_body,Citoplasmático,cytoplasm,pan_Fungi+Metazoa,,constitutive,9,
golgin_condensate,Citoplasmático,cytoplasm,Metazoa,,constitutive,7,
haemoglobin_body,Citoplasmático,cytoplasm,Metazoa,erythroid,constitutive,2,
hyperosmotic_shock_foci,Citoplasmático,cytoplasm,Fungi,,stress_induced,18,
inava_condensate,Citoplasmático,cytoplasm,Metazoa,,constitutive,1,
inflammasome,Citoplasmático,cytoplasm,Metazoa,,constitutive,2,
intracellular_dna_protein_granule,Citoplasmático,cytoplasm,Metazoa,,constitutive,1,
mesh_condensate,Citoplasmático,cytoplasm,Metazoa,,constitutive,3,
mirisc,Citoplasmático,cytoplasm,Metazoa,,constitutive,2,
necrosome,Citoplasmático,cytoplasm,Metazoa,,constitutive,9,
norad_pum_body,Citoplasmático,cytoplasm,Metazoa,,constitutive,2,
p62_body,Citoplasmático,cytoplasm,Metazoa,,constitutive,784,
p_body,Citoplasmático,cytoplasm,Metazoa,,constitutive,1503,
plant_signaling_condensate,Citoplasmático,cytoplasm,Viridiplantae,,constitutive,7,
pre_autophagosomal_structure,Citoplasmático,cytoplasm,Fungi,,constitutive,7,
proteasome_storage_granule,Citoplasmático,cytoplasm,Fungi,,stress_induced,5,
purinosome,Citoplasmático,cytoplasm,Metazoa,,constitutive,5,
rna_helicase_condensate,Citoplasmático,cytoplasm,Metazoa,,constitutive,1,
sec_body,Citoplasmático,cytoplasm,Metazoa,,constitutive,11,
signaling_condensate,Citoplasmático,cytoplasm,Metazoa,,constitutive,10,
sint_speckle,Citoplasmático,cytoplasm,Metazoa,,constitutive,5,
sirna_body,Citoplasmático,cytoplasm,Viridiplantae,,constitutive,5,
std1_body,Citoplasmático,cytoplasm,Fungi,,constitutive,1,
sting_phase_separator,Citoplasmático,cytoplasm,Metazoa,,constitutive,2,
stress_granule,Citoplasmático,cytoplasm,pan_Fungi+Metazoa,,stress_induced,2831,
sup35_condensate,Citoplasmático,cytoplasm,Fungi,,pathological,2,
tifasome,Citoplasmático,cytoplasm,Metazoa,,constitutive,7,
tis_granule,Citoplasmático,cytoplasm,Metazoa,,constitutive,1,
u_body,Citoplasmático,cytoplasm,Metazoa,,constitutive,5,
ubqln_puncta,Citoplasmático,cytoplasm,Metazoa,,constitutive,4,
wnk_body,Citoplasmático,cytoplasm,Metazoa,,constitutive,4,
wnt_destruction_complex,Citoplasmático,cytoplasm,Metazoa,,constitutive,7,
wnt_signaling_condensate,Citoplasmático,cytoplasm,Metazoa,,constitutive,7,
elastin_granule,Extracelular,extracellular,Metazoa,fibroblast,constitutive,1,
exosomal_condensate,Extracelular,extracellular,Metazoa,,constitutive,2,
spider_silk_condensate,Extracelular,extracellular,Metazoa,silk_gland,constitutive,1,
balbiani_body,Germinal,cytoplasm,Metazoa,germline,constitutive,847,
chromatoid_body,Germinal,cytoplasm,Metazoa,germline,constitutive,114,
germ_plasm,Germinal,cytoplasm,Metazoa,germline,constitutive,8,
l_body,Germinal,cytoplasm,Metazoa,germline,constitutive,76,
mardo,Germinal,cytoplasm,Metazoa,germline,constitutive,7,
maternal_mrna_condensate,Germinal,cytoplasm,Metazoa,germline,constitutive,2,
mutator_foci,Germinal,cytoplasm,Metazoa,germline,constitutive,1,
nuage,Germinal,cytoplasm,Metazoa,germline,constitutive,11,
oskar_granule,Germinal,cytoplasm,Metazoa,germline,constitutive,4,
p_granule,Germinal,cytoplasm,Metazoa,germline,constitutive,703,
pi_body,Germinal,cytoplasm,Metazoa,germline,constitutive,1,
simr_foci,Germinal,cytoplasm,Metazoa,germline,constitutive,2,
sponge_body,Germinal,cytoplasm,Metazoa,germline,constitutive,14,
xy_body,Germinal,nucleus,Metazoa,germline,constitutive,12,
yb_body,Germinal,cytoplasm,Metazoa,germline,constitutive,5,
z_granule,Germinal,cytoplasm,Metazoa,germline,constitutive,46,
in_vitro_droplet,In vitro,in_vitro,pan_Metazoa,,in_vitro,438,
ankle_link_condensate,Membrana,plasma_membrane,Metazoa,hair_cell,constitutive,8,
cortical_condensate,Membrana,plasma_membrane,Metazoa,,constitutive,1,
endocytic_condensate,Membrana,plasma_membrane,Fungi,,constitutive,12,
escrt_condensate,Membrana,plasma_membrane,Fungi,,constitutive,1,
galectin_condensate,Membrana,plasma_membrane,Metazoa,,constitutive,1,
galectin_lattice,Membrana,plasma_membrane,Metazoa,,constitutive,1,
hippo_condensate,Membrana,plasma_membrane,Metazoa,,constitutive,16,
integrin_adhesion_complex,Membrana,plasma_membrane,Metazoa,,constitutive,6,
signaling_cluster,Membrana,plasma_membrane,Metazoa,,constitutive,38,
slit_diaphragm_condensate,Membrana,plasma_membrane,Metazoa,podocyte,constitutive,3,
t_cell_signalosome,Membrana,plasma_membrane,Metazoa,t_cell,constitutive,3,
zo_protein_compartment,Membrana,plasma_membrane,Metazoa,,constitutive,5,
mitochondrial_nucleoid,Mitocondrial,mitochondrion,Metazoa,,constitutive,6,
mitochondrial_rna_granule,Mitocondrial,mitochondrion,Metazoa,,constitutive,44,
midbody_granule,Mitótico,cytoskeleton,Metazoa,,constitutive,7,
alpha_synuclein_condensate,Neuronal,cytoplasm,Metazoa,neuron,pathological,6,
axonal_tiar2_granule,Neuronal,cytoplasm,Metazoa,neuron,constitutive,1,
cell_polarity_condensate,Neuronal,cytoplasm,Metazoa,neuron,constitutive,7,
elks_condensate,Neuronal,plasma_membrane,Metazoa,neuron,constitutive,1,
neuronal_granule,Neuronal,cytoplasm,Metazoa,neuron,constitutive,118,
postsynaptic_density,Neuronal,plasma_membrane,Metazoa,neuron,constitutive,2959,
presynaptic_active_zone,Neuronal,plasma_membrane,Metazoa,neuron,constitutive,20,
synapsin_condensate,Neuronal,cytoplasm,Metazoa,neuron,constitutive,6,
tau_condensate,Neuronal,cytoplasm,Metazoa,neuron,pathological,274,
abscission_checkpoint_body,Nuclear,nucleus,Metazoa,,constitutive,3,
amyloid_body,Nuclear,nucleus,Metazoa,,stress_induced,2,
anisosome,Nuclear,nucleus,Metazoa,,stress_induced,6,
assemblysome,Nuclear,nucleus,pan_Fungi+Metazoa,,constitutive,4,
baz2a_body,Nuclear,nucleus,Metazoa,,constitutive,1,
cajal_body,Nuclear,nucleus,Metazoa,,constitutive,237,
chromatin_compartment,Nuclear,nucleus,Metazoa,,constitutive,5,
cleavage_body,Nuclear,nucleus,Metazoa,,constitutive,3,
cytoplasmic_nucleoporin_granule,Nuclear,nucleus,Metazoa,,constitutive,3,
ddx1_body,Nuclear,nucleus,Metazoa,,constitutive,2,
dna_damage_foci,Nuclear,nucleus,Metazoa,,stress_induced,63,
elva,Nuclear,nucleus,Metazoa,,constitutive,13,
enhanceosome,Nuclear,nucleus,Metazoa,,constitutive,4,
enhancer_condensate,Nuclear,nucleus,Metazoa,,constitutive,9,
gem,Nuclear,nucleus,Metazoa,,constitutive,13,
heterochromatin,Nuclear,nucleus,pan_Metazoa,,constitutive,42,
histone_locus_body,Nuclear,nucleus,Metazoa,,constitutive,28,
inq_compartment,Nuclear,nucleus,Fungi,,stress_induced,1,
insulator_body,Nuclear,nucleus,Metazoa,,constitutive,13,
kat6a_condensate,Nuclear,nucleus,Metazoa,,constitutive,1,
mediator_condensate,Nuclear,nucleus,Metazoa,,constitutive,6,
morc3_nuclear_body,Nuclear,nucleus,Metazoa,,constitutive,1,
nono_condensate,Nuclear,nucleus,Metazoa,,constitutive,3,
nuclear_body,Nuclear,nucleus,Metazoa,,constitutive,214,
nuclear_dicing_body,Nuclear,nucleus,Viridiplantae,,constitutive,3,
nuclear_pore_complex,Nuclear,nucleus,Metazoa,,constitutive,63,
nuclear_protein_granule,Nuclear,nucleus,Metazoa,,constitutive,6,
nuclear_speckle,Nuclear,nucleus,Metazoa,,constitutive,709,
nuclear_stress_body,Nuclear,nucleus,Metazoa,,stress_induced,533,
nucleolus,Nuclear,nucleus,pan_Metazoa+Viridiplantae,,constitutive,4803,
opt_domain,Nuclear,nucleus,Metazoa,,constitutive,7,
pab2_condensate,Nuclear,nucleus,Fungi,,constitutive,1,
paraspeckle,Nuclear,nucleus,Metazoa,,constitutive,272,
perinucleolar_compartment,Nuclear,nucleus,pan_Fungi+Metazoa,,constitutive,8,
pml_nuclear_body,Nuclear,nucleus,Metazoa,,constitutive,785,
polycomb_body,Nuclear,nucleus,Metazoa,,constitutive,44,
proteasome_foci,Nuclear,nucleus,pan_Fungi+Metazoa,,constitutive,16,
sam68_nuclear_body,Nuclear,nucleus,Metazoa,,constitutive,17,
spliceosome,Nuclear,nucleus,Metazoa,,constitutive,1,
spop_daxx_body,Nuclear,nucleus,Metazoa,,constitutive,2,
tam_body,Nuclear,nucleus,Fungi,,constitutive,11,
tdp43_nuclear_condensate,Nuclear,nucleus,Metazoa,,pathological,2,
transcriptional_condensate,Nuclear,nucleus,Metazoa,,constitutive,163,
u1_snrnp_condensate,Nuclear,nucleus,Metazoa,,constitutive,2,
vipr_body,Nuclear,nucleus,pan_Metazoa+Virus,,constitutive,2,
smn_complex,Nuclear/Citoplasmático,nucleus_and_cytoplasm,Metazoa,,constitutive,1,
liquid_dyrk3_speckle,Nuclear/Mitótico,nucleus,Metazoa,,constitutive,1,
inclusion_body,Patológico,cytoplasm,pan_Metazoa+Virus,,pathological,68,
chloroplast_stress_granule,Plastídico,plastid,Viridiplantae,,stress_induced,79,
pyrenoid,Plastídico,plastid,Viridiplantae,,constitutive,84,
abc_transporter_condensate,Procariota,plasma_membrane,Bacteria,,constitutive,2,
bacterial_polarity_condensate,Procariota,plasma_membrane,Bacteria,,constitutive,9,
bacterial_rnp_body,Procariota,cytoplasm,Bacteria,,constitutive,16,
carboxysome,Procariota,cytoplasm,Bacteria,,constitutive,5,
degradosome,Procariota,cytoplasm,Bacteria,,constitutive,12,
dps_condensate,Procariota,cytoplasm,Bacteria,,constitutive,1,
ftsz_droplet,Procariota,plasma_membrane,Bacteria,,constitutive,2,
mcd_condensate,Procariota,cytoplasm,Bacteria,,constitutive,2,
nikr_compartment,Procariota,cytoplasm,Bacteria,,constitutive,1,
parabs_condensate,Procariota,cytoplasm,Bacteria,,constitutive,1,
polyp_granule,Procariota,cytoplasm,Bacteria,,constitutive,1,
refractile_body,Procariota,cytoplasm,Protista,,constitutive,1,SI
rho_body,Procariota,cytoplasm,sin_dato,,constitutive,0,SI
tmar_condensate,Procariota,cytoplasm,Bacteria,,constitutive,1,
mast_cell_granule,Secretor,cytoplasm,Metazoa,mast_cell,constitutive,529,
NotInformed,Unspecified,unspecified,pan_Metazoa,,constitutive,929,
gbpl_condensate,Vegetal,nucleus,Viridiplantae,,constitutive,1,
plant_mtoc,Vegetal,cytoskeleton,Viridiplantae,,constitutive,12,
plant_photobody,Vegetal,nucleus,Viridiplantae,,constitutive,10,
twn_body,Vegetal,cytoplasm,Metazoa,,constitutive,3,SI
icp22_condensate,Viral,nucleus,Virus,,infection,2,
negri_body,Viral,cytoplasm,Virus,,infection,5,
sars_cov2_n_condensate,Viral,cytoplasm,pan_Metazoa+Virus,,infection,10,
viral_factory,Viral,cytoplasm,pan_Metazoa+Virus,,infection,45,
viroplasm,Viral,cytoplasm,pan_Metazoa+Virus,,infection,36,
replication_compartment,Viral/Nuclear,nucleus,pan_Metazoa+Virus,,infection,21,
