uniprot_id,unified_mlo,source_db,ev,n,k
F1R237,balbiani_body,PhasePro,30086300,2,2
G5EBV6,p_granule,CDCODE,,2,2
G5EC37,p_granule,CDCODE,,2,2
G5EDE7,centrosome,CDCODE,,2,2
G5EEM5,centrosome,CDCODE,,2,2
H0WFA5,balbiani_body,PhasePro,30086300,2,2
O00444,centrosome,CDCODE,,2,2
O00567,nucleolus,CDCODE,,2,2
O14641,wnt_signaling_condensate,CDCODE,,2,2
O43561,t_cell_signalosome,PhasePro,27056844,2,2
O45551,p_granule,CDCODE,,2,2
O60832,nucleolus,CDCODE,,2,2
O60841,stress_granule,CDCODE,,2,2
O60885,transcriptional_condensate,CDCODE,,2,2
O62011,mutator_foci,PhasePro,30036386,2,2
O62011,p_granule,PhaSepDB,39354132,2,1
O94875,postsynaptic_density,CDCODE,,2,2
O94986,centrosome,CDCODE,,2,2
O94986,centrosome,PhaSepDB,33658185;33208041,2,2
P04050,transcriptional_condensate,PhasePro,30127355,2,2
P06730,p_body,CDCODE,,2,2
P06748,nucleolus,CDCODE,,2,2
P06748,nucleolus,PhasePro,26836305,2,2
P08047,transcriptional_condensate,CDCODE,,2,2
P08670,viral_factory,CDCODE,,2,2
P09651,stress_granule,CDCODE,,2,2
P0A9A6,ftsz_droplet,CDCODE,,2,2
P0DTD1,sars_cov2_n_condensate,CDCODE,,2,2
P11940,stress_granule,CDCODE,,2,2
P12814,postsynaptic_density,CDCODE,,2,2
P14907,nuclear_pore_complex,PhasePro,20304795,2,2
P17931,galectin_lattice,PhasePro,28893908,2,2
P22087,nucleolus,CDCODE,,2,2
P24928,transcriptional_condensate,CDCODE,,2,2
P24928,transcriptional_condensate,PhasePro,30127355,2,2
P26196,p_body,CDCODE,,2,2
P31483,stress_granule,CDCODE,,2,2
P32790,endocytic_condensate,CDCODE,,2,2
P34556,centrosome,DrLLPS,17419992;29751016;19805813,2,2
P35637,dna_damage_foci,CDCODE,,2,2
P35637,neuronal_granule,CDCODE,,2,2
P37840,alpha_synuclein_condensate,CDCODE,,2,2
P43243,stress_granule,CDCODE,,2,2
P46937,hippo_condensate,CDCODE,,2,2
P51991,stress_granule,CDCODE,,2,2
P52272,stress_granule,CDCODE,,2,2
P52948,nuclear_pore_complex,PhasePro,25562883,2,2
P54623,centrosome,CDCODE,,2,2
P54727,proteasome_foci,CDCODE,,2,2
P54823,p_body,CDCODE,,2,2
P55735,eres_condensate,CDCODE,,2,2
P55769,nucleolus,CDCODE,,2,2
P62908,dna_damage_foci,PhaSepDB,34980897,2,1
P62993,t_cell_signalosome,PhasePro,27056844,2,2
P84103,nuclear_speckle,CDCODE,,2,2
P91349,centrosome,CDCODE,,2,2
P91349,centrosome,DrLLPS,28575670,2,2
P91870,centrosome,CDCODE,,2,2
P91870,centrosome,DrLLPS,15068791;15186742;15665853;22895009;29751016,2,2
Q01844,transcriptional_condensate,CDCODE,,3,3
Q02629,nuclear_pore_complex,PhasePro,25562883,2,2
Q06787,neuronal_granule,CDCODE,,2,2
Q07889,t_cell_signalosome,PhasePro,27056844,2,2
Q07955,nuclear_speckle,CDCODE,,2,2
Q08211,stress_granule,CDCODE,,2,2
Q09472,transcriptional_condensate,CDCODE,,2,2
Q12518,endocytic_condensate,CDCODE,,2,2
Q12888,dna_damage_foci,CDCODE,,2,2
Q13148,neuronal_granule,CDCODE,,2,2
Q13148,stress_granule,CDCODE,,2,2
Q13151,stress_granule,CDCODE,,2,2
Q13283,stress_granule,CDCODE,,2,2
Q13501,p62_body,CDCODE,,2,2
Q14444,stress_granule,CDCODE,,2,2
Q14596,p62_body,CDCODE,,2,2
Q15154,centrosome,CDCODE,,2,2
Q15154,centrosome,DrLLPS,14519686;17574030;18772192;23415227;29973724,2,2
Q15648,transcriptional_condensate,CDCODE,,2,2
Q16082,nuclear_body,CDCODE,,2,2
Q22053,nucleolus,CDCODE,,2,2
Q22053,nucleolus,PhasePro,27212236,2,2
Q3KP66,inava_condensate,CDCODE,,2,2
Q3UXZ6,postsynaptic_density,PhaSepDB,38452102,2,1
Q5PSV9,dna_damage_foci,PhaSepDB,34980897,2,1
Q6P2E9,p_body,CDCODE,,3,3
Q6PAD2,centrosome,PhaSepDB,30237222,2,2
Q7Z6E9,nuclear_speckle,PhaSepDB,39798570,2,1
Q86V81,nuclear_speckle,CDCODE,,2,2
Q8IU81,cajal_body,PhaSepDB,39602297,2,1
Q8N7H5,transcriptional_condensate,CDCODE,,2,2
Q8ND56,p_body,CDCODE,,2,2
Q8NDV7,p_body,CDCODE,,2,2
Q8TCF1,stress_granule,PhaSepDB,29804830,2,1
Q95XR4,p_granule,CDCODE,,2,2
Q96524,plant_photobody,CDCODE,,2,2
Q96BD6,dna_damage_foci,CDCODE,,2,2
Q96MT8,centrosome,CDCODE,,2,2
Q96MT8,centrosome,PhaSepDB,38857398;33208041,2,2
Q96MU7,transcriptional_condensate,CDCODE,,2,2
Q99K48,paraspeckle,CDCODE,,2,2
Q9GZV5,hippo_condensate,CDCODE,,2,2
Q9NEM5,z_granule,PhaSepDB,39354132,2,1
Q9NPE3,nucleolus,CDCODE,,2,2
Q9NPI6,p_body,CDCODE,,2,2
Q9NRA8,p_body,CDCODE,,2,2
Q9NUL3,stress_granule,CDCODE,,2,2
Q9NX24,nucleolus,CDCODE,,2,2
Q9NY12,nucleolus,CDCODE,,2,2
Q9TZK8,p_granule,PhaSepDB,25535836,2,1
Q9TZQ3,p_granule,CDCODE,,2,2
Q9U2F5,neuronal_granule,CDCODE,,2,2
Q9UKV8,mirisc,PhasePro,29576456,2,2
Q9UKV8,p_body,CDCODE,,2,2
Q9UKV8,p_body,PhasePro,29576456,2,2
Q9UPN3,postsynaptic_density,CDCODE,,2,2
Q9UPQ9,mirisc,PhasePro,29576456,2,2
Q9UPQ9,p_body,CDCODE,,2,2
Q9UPQ9,p_body,PhasePro,29576456,2,2
Q9W1V3,nucleolus,CDCODE,,2,2
Q9W1V3,nucleolus,PhasePro,28115706,2,2
Q9Y2X3,nucleolus,CDCODE,,2,2
