unified_mlo,filas,filas_con_pmid,pmids_distintos,pmid_unico,sin_ningun_pmid
mast_cell_granule,533,0,0,,True
chloroplast_stress_granule,79,0,0,,True
hippo_condensate,18,0,0,,True
endocytic_condensate,14,0,0,,True
elva,13,0,0,,True
degradosome,12,0,0,,True
eres_condensate,11,0,0,,True
signaling_condensate,10,0,0,,True
bacterial_polarity_condensate,9,0,0,,True
ankle_link_condensate,8,0,0,,True
mardo,7,0,0,,True
plant_signaling_condensate,7,0,0,,True
tifasome,7,0,0,,True
midbody_granule,7,0,0,,True
aggresome,6,0,0,,True
zo_protein_compartment,5,0,0,,True
wnk_body,4,0,0,,True
chromogranin_condensate,4,0,0,,True
slit_diaphragm_condensate,3,0,0,,True
ferritin_condensate,3,0,0,,True
abc_transporter_condensate,2,0,0,,True
inflammasome,2,0,0,,True
mcd_condensate,2,0,0,,True
simr_foci,2,0,0,,True
exosomal_condensate,2,0,0,,True
plectin_condensate,2,0,0,,True
inava_condensate,2,0,0,,True
elastin_granule,1,0,0,,True
chaperone_condensate,1,0,0,,True
smn_complex,1,0,0,,True
polarisome,1,0,0,,True
amyloid_aggregate,1,0,0,,True
escrt_condensate,1,0,0,,True
d_granule,1,0,0,,True
cojusome,1,0,0,,True
polyp_granule,1,0,0,,True
parabs_condensate,1,0,0,,True
rho_body,1,0,0,,True
dps_condensate,1,0,0,,True
spider_silk_condensate,1,0,0,,True
refractile_body,1,0,0,,True
baz2a_body,1,0,0,,True
frq_condensate,1,0,0,,True
galectin_condensate,1,0,0,,True
z_disc_condensate,1,0,0,,True
fusion_focus,1,0,0,,True
t_cell_signalosome,9,6,1,27056844,False
sint_speckle,9,5,1,31442668,False
necrosome,9,2,1,22817896,False
integrin_adhesion_complex,6,3,1,35049497,False
ftsz_droplet,5,2,1,30523075,False
actin_cortical_patch,5,3,1,26553976,False
proteasome_storage_granule,5,5,1,38408252,False
sup35_condensate,4,2,1,29301985,False
norad_pum_body,4,2,1,34108682,False
spop_daxx_body,4,2,1,30244836,False
abscission_checkpoint_body,3,3,1,37450591,False
nono_condensate,3,3,1,36754961,False
twn_body,3,3,1,38980795,False
morc3_nuclear_body,2,1,1,31284181,False
std1_body,2,1,1,29249654,False
contractile_ring,2,1,1,31243991,False
liquid_dyrk3_speckle,2,1,1,23415227,False
maternal_mrna_condensate,2,1,1,36477743,False
galectin_lattice,2,2,1,28893908,False
haemoglobin_body,2,2,1,37794190,False
icp22_condensate,2,2,1,39383039,False
u1_snrnp_condensate,2,2,1,40050462,False
amyloid_body,2,2,1,38805292,False
pi_body,1,1,1,25747659,False
intracellular_dna_protein_granule,1,1,1,29976794,False
axonal_tiar2_granule,1,1,1,31378567,False
bag2_condensate,1,1,1,35654899,False
rna_helicase_condensate,1,1,1,37029300,False
elks_condensate,1,1,1,37172719,False
kat6a_condensate,1,1,1,38973255,False
antiviral_condensate,1,1,1,36642157,False
nikr_compartment,1,1,1,37210726,False
pab2_condensate,1,1,1,40163528,False
inq_compartment,1,1,1,38055836,False
l_body,86,76,2,,False
golgin_condensate,14,7,2,,False
xy_body,12,10,2,,False
yb_body,9,5,2,,False
mirisc,8,6,2,,False
purinosome,8,4,2,,False
nuclear_dicing_body,6,3,2,,False
mitochondrial_nucleoid,6,6,2,,False
mutator_foci,4,3,2,,False
ddx1_body,4,2,2,,False
assemblysome,4,3,2,,False
enhanceosome,4,4,2,,False
tis_granule,3,2,2,,False
sting_phase_separator,3,1,2,,False
gbpl_condensate,1,1,2,,False
tmar_condensate,1,1,2,,False
sec_body,19,11,3,,False
cell_polarity_condensate,11,6,3,,False
negri_body,9,7,3,,False
perinucleolar_compartment,8,2,3,,False
chromatin_compartment,7,3,3,,False
sirna_body,7,2,3,,False
fip200_puncta,2,2,3,,False
bacterial_rnp_body,17,3,4,,False
glycolytic_body,15,9,4,,False
pre_autophagosomal_structure,11,5,4,,False
opt_domain,7,7,4,,False
cleavage_body,6,3,4,,False
nuclear_protein_granule,6,6,4,,False
carboxysome,5,2,4,,False
cortical_condensate,1,1,4,,False
pyrenoid,267,183,5,,False
tam_body,22,11,6,,False
plant_photobody,15,7,6,,False
germ_plasm,9,8,6,,False
proteasome_foci,21,7,7,,False
z_granule,51,48,8,,False
viral_factory,50,10,8,,False
viroplasm,39,26,8,,False
cytoplasmic_protein_granule,22,14,8,,False
cgas_dna_complex,8,4,8,,False
ubqln_puncta,7,4,8,,False
cytoplasmic_nucleoporin_granule,3,3,8,,False
vipr_body,2,2,8,,False
presynaptic_active_zone,28,13,9,,False
spliceosome,1,1,9,,False
balbiani_body,960,348,10,,False
hyperosmotic_shock_foci,35,18,10,,False
sponge_body,27,14,10,,False
insulator_body,21,13,10,,False
u_body,8,3,10,,False
wnt_destruction_complex,12,6,12,,False
wnt_signaling_condensate,9,5,13,,False
mediator_condensate,6,6,13,,False
mitochondrial_rna_granule,84,42,16,,False
alpha_synuclein_condensate,8,1,18,,False
enhancer_condensate,11,8,19,,False
plant_mtoc,12,12,21,,False
polycomb_body,82,47,23,,False
histone_locus_body,49,34,24,,False
gem,14,13,24,,False
sam68_nuclear_body,40,25,26,,False
replication_compartment,23,6,26,,False
nuclear_stress_body,596,582,27,,False
p62_body,796,785,28,,False
nuage,14,12,30,,False
synapsin_condensate,7,7,32,,False
chromatoid_body,222,113,34,,False
sars_cov2_n_condensate,13,4,36,,False
cytoplasmic_rnp_granule,71,51,43,,False
tau_condensate,276,270,44,,False
signaling_cluster,54,27,44,,False
tdp43_nuclear_condensate,2,2,46,,False
anisosome,12,6,50,,False
heterochromatin,55,45,56,,False
oskar_granule,4,4,82,,False
mesh_condensate,3,3,82,,False
p_granule,833,764,90,,False
inclusion_body,80,54,102,,False
spindle_apparatus,93,80,115,,False
nuclear_body,271,232,125,,False
cajal_body,368,278,146,,False
dna_damage_foci,88,50,150,,False
nuclear_pore_complex,120,69,164,,False
neuronal_granule,185,71,175,,False
spindle_pole_body,135,135,194,,False
paraspeckle,382,306,200,,False
pml_nuclear_body,1019,458,220,,False
transcriptional_condensate,220,114,235,,False
in_vitro_droplet,551,549,327,,False
postsynaptic_density,5844,2987,357,,False
nuclear_speckle,1050,807,441,,False
p_body,2325,1326,448,,False
NotInformed,930,930,617,,False
nucleolus,9408,5676,721,,False
stress_granule,5020,3313,998,,False
centrosome,1778,800,1020,,False
