unified_mlo,filas_totales,filas_con_pmid,pmid_dominante,filas_con_ese_pmid,frac_de_filas_con_pmid,frac_del_MLO
postsynaptic_density,5844,2987,23071613,2776,0.929,0.475
nucleolus,9408,5676,26980300,2042,0.36,0.217
stress_granule,5020,3313,33939924,957,0.289,0.191
p62_body,796,785,37192622,772,0.983,0.97
nuclear_stress_body,596,582,33134894,567,0.974,0.951
p_granule,833,764,39354132,553,0.724,0.664
p_body,2325,1326,31626750,389,0.293,0.167
nuclear_speckle,1050,807,39798570,359,0.445,0.342
tau_condensate,276,270,30068389,268,0.993,0.971
paraspeckle,382,306,32458346,208,0.68,0.545
pyrenoid,267,183,29481573,178,0.973,0.667
balbiani_body,960,348,39793567,173,0.497,0.18
pml_nuclear_body,1019,458,35194189,160,0.349,0.157
centrosome,1778,800,23071613,118,0.147,0.066
nuclear_body,271,232,15169873,113,0.487,0.417
cajal_body,368,278,39602297,99,0.356,0.269
chromatoid_body,222,113,24554440,83,0.735,0.374
l_body,86,76,34613784,74,0.974,0.86
z_granule,51,48,39354132,42,0.875,0.824
in_vitro_droplet,551,549,29961577,40,0.073,0.073
neuronal_granule,185,71,15312650,37,0.521,0.2
cytoplasmic_rnp_granule,71,51,17289661,29,0.569,0.408
spindle_pole_body,135,135,14570580,29,0.215,0.215
mitochondrial_rna_granule,84,42,25683715,20,0.476,0.238
polycomb_body,82,47,28778878,18,0.383,0.22
hyperosmotic_shock_foci,35,18,31285266,18,1.0,0.514
nuclear_pore_complex,120,69,25562883,16,0.232,0.133
viroplasm,39,26,34372555,14,0.538,0.359
dna_damage_foci,88,50,34980897,12,0.24,0.136
sponge_body,27,14,19301391,11,0.786,0.407
sam68_nuclear_body,40,25,24127217,10,0.4,0.25
tam_body,22,11,16585272,10,0.909,0.455
NotInformed,930,930,31560342,9,0.01,0.01
xy_body,12,10,34980897,9,0.9,0.75
gem,14,13,25052091,8,0.615,0.571
histone_locus_body,49,34,26909464,8,0.235,0.163
golgin_condensate,14,7,32668013,7,1.0,0.5
t_cell_signalosome,9,6,27056844,6,1.0,0.667
mirisc,8,6,29576456,6,1.0,0.75
transcriptional_condensate,220,114,33606996,6,0.053,0.027
mitochondrial_nucleoid,6,6,34711968,6,1.0,1.0
glycolytic_body,15,9,32298230,6,0.667,0.4
anisosome,12,6,33335017,6,1.0,0.5
spindle_apparatus,93,80,26980300,6,0.075,0.065
signaling_cluster,54,27,26553976,6,0.222,0.111
opt_domain,7,7,27838525,6,0.857,0.857
heterochromatin,55,45,28636597,5,0.111,0.091
sec_body,19,11,36325988,5,0.455,0.263
negri_body,9,7,28680096,5,0.714,0.556
presynaptic_active_zone,28,13,33761347,5,0.385,0.179
inclusion_body,80,54,31375591,5,0.093,0.062
wnt_destruction_complex,12,6,38279052,5,0.833,0.417
yb_body,9,5,31267711,5,1.0,0.556
proteasome_storage_granule,5,5,38408252,5,1.0,1.0
sint_speckle,9,5,31442668,5,1.0,0.556
oskar_granule,4,4,35325593,4,1.0,1.0
cell_polarity_condensate,11,6,32385244,4,0.667,0.364
insulator_body,21,13,23878275,4,0.308,0.19
wnt_signaling_condensate,9,5,36266931,4,0.8,0.444
pre_autophagosomal_structure,11,5,32025038,4,0.8,0.364
plant_photobody,15,7,34650267,4,0.571,0.267
viral_factory,50,10,30181255,3,0.3,0.06
synapsin_condensate,7,7,29976799,3,0.429,0.429
actin_cortical_patch,5,3,26553976,3,1.0,0.6
cgas_dna_complex,8,4,29976794,3,0.75,0.375
mutator_foci,4,3,30036386,3,1.0,0.75
germ_plasm,9,8,30086300,3,0.375,0.333
nono_condensate,3,3,36754961,3,1.0,1.0
cytoplasmic_protein_granule,22,14,25386913,3,0.214,0.136
plant_mtoc,12,12,22427335,3,0.25,0.25
abscission_checkpoint_body,3,3,37450591,3,1.0,1.0
nuclear_dicing_body,6,3,33288888,3,1.0,0.5
assemblysome,4,3,37460154,3,1.0,0.75
proteasome_foci,21,7,34572142,3,0.429,0.143
ubqln_puncta,7,4,38041404,3,0.75,0.429
twn_body,3,3,38980795,3,1.0,1.0
mediator_condensate,6,6,30449618,3,0.5,0.5
sars_cov2_n_condensate,13,4,33895773,3,0.75,0.231
mesh_condensate,3,3,33650968,3,1.0,1.0
integrin_adhesion_complex,6,3,35049497,3,1.0,0.5
cytoplasmic_nucleoporin_granule,3,3,32706158,3,1.0,1.0
u1_snrnp_condensate,2,2,40050462,2,1.0,1.0
spop_daxx_body,4,2,30244836,2,1.0,0.5
nuage,14,12,25747659,2,0.167,0.143
amyloid_body,2,2,38805292,2,1.0,1.0
necrosome,9,2,22817896,2,1.0,0.222
norad_pum_body,4,2,34108682,2,1.0,0.5
vipr_body,2,2,39162498,2,1.0,1.0
haemoglobin_body,2,2,37794190,2,1.0,1.0
tdp43_nuclear_condensate,2,2,39804774,2,1.0,1.0
ftsz_droplet,5,2,30523075,2,1.0,0.4
sirna_body,7,2,28923956,2,1.0,0.286
nuclear_protein_granule,6,6,26286827,2,0.333,0.333
galectin_lattice,2,2,28893908,2,1.0,1.0
bacterial_rnp_body,17,3,37558691,2,0.667,0.118
enhanceosome,4,4,29930091,2,0.5,0.5
sup35_condensate,4,2,29301985,2,1.0,0.5
enhancer_condensate,11,8,29930091,2,0.25,0.182
replication_compartment,23,6,35263605,2,0.333,0.087
purinosome,8,4,35307352,2,0.5,0.25
icp22_condensate,2,2,39383039,2,1.0,1.0
u_body,8,3,22361416,1,0.333,0.125
pi_body,1,1,25747659,1,1.0,1.0
chromatin_compartment,7,3,28636597,1,0.333,0.143
ddx1_body,4,2,29961577,1,0.5,0.25
perinucleolar_compartment,8,2,18794846,1,0.5,0.125
cleavage_body,6,3,29961577,1,0.333,0.167
intracellular_dna_protein_granule,1,1,29976794,1,1.0,1.0
axonal_tiar2_granule,1,1,31378567,1,1.0,1.0
liquid_dyrk3_speckle,2,1,23415227,1,1.0,0.5
morc3_nuclear_body,2,1,31284181,1,1.0,0.5
std1_body,2,1,29249654,1,1.0,0.5
tis_granule,3,2,30449617,1,0.5,0.333
contractile_ring,2,1,31243991,1,1.0,0.5
fip200_puncta,2,2,39223639,1,0.5,0.5
elks_condensate,1,1,37172719,1,1.0,1.0
rna_helicase_condensate,1,1,37029300,1,1.0,1.0
carboxysome,5,2,38971311,1,0.5,0.2
bag2_condensate,1,1,35654899,1,1.0,1.0
nikr_compartment,1,1,37210726,1,1.0,1.0
antiviral_condensate,1,1,36642157,1,1.0,1.0
kat6a_condensate,1,1,38973255,1,1.0,1.0
gbpl_condensate,1,1,38773271,1,1.0,1.0
maternal_mrna_condensate,2,1,36477743,1,1.0,0.5
inq_compartment,1,1,38055836,1,1.0,1.0
pab2_condensate,1,1,40163528,1,1.0,1.0
spliceosome,1,1,34667177,1,1.0,1.0
sting_phase_separator,3,1,33833429,1,1.0,0.333
alpha_synuclein_condensate,8,1,39549813,1,1.0,0.125
tmar_condensate,1,1,40100851,1,1.0,1.0
cortical_condensate,1,1,22398450,1,1.0,1.0
