source_name,adjudication,reason,action
Mitochondrial cloud,correct,"In Xenopus oocytes the mitochondrial cloud IS the Balbiani body — same structure, two names in the literature. 594 of 598 proteins are Xenopus laevis, consistent.",Close as correct; no publication lookup needed
Receptor cluster,split_needed,"Genes span three unrelated systems: immune synapse (LAT, NCK1, SOS1, WASL), SNARE/exocytosis (Snap25, Stx1a), and innate antiviral signalling (MAVS, IRF3). 'Receptor cluster' is a generic descriptor, not one compartment.",Do not keep as one term; either split by pathway or discard as too generic
Leucocyte nuclear body,correct_but_overgeneral,"Genes (BRD4, MED1, ESR1, PGR, DAXX, SPOP, MATR3, SNRNP70) are generic nuclear-body/transcriptional components, not leucocyte-specific. Mapping to nuclear_body loses a cell-type qualifier that the 5-axis scheme would carry.",Keep the nuclear_body mapping; record leucocyte as cell_type_context once that axis exists
Germ granule,correct,"osk, vas, tej, spn-E, me31B, tdrd6 are canonical germ-plasm components; germ granule and P granule are the same structure across species (Drosophila polar granule / C. elegans P granule).",Close as correct
Peri-nucleolar condensate,review_still_needed,"Genes are chaperones and ribosomal proteins (HSP104, SIS1, DNAJB6, RPL26, RPS4B). HSP104/SIS1 in yeast mark the juxtanuclear quality-control compartment (JUNQ/INQ), not the mammalian perinucleolar compartment, which is a PTB-rich RNA-processing structure.","Likely wrong: the 4 yeast rows probably belong to a protein-quality-control term, not perinucleolar_compartment"
+TIP body,correct,"KAR9, BIM1, BIK1 (S. cerevisiae) and mal3, tea2, tip1 (S. pombe) are the canonical +TIP tracking complexes; spindle_apparatus is defensible though coarse.",Close as correct; consider a microtubule_plus_end term if granularity is wanted
ORC1 bodies,review_still_needed,"SUV39H1, EZH2, CBX5, DNMT1 are heterochromatin/silencing factors, not replication machinery; only ORC1 itself fits replication_compartment.",Likely belongs to a heterochromatin/silencing term rather than replication_compartment
PCBP2 condensates,error,"DCP1A, DDX6, TIA1 are decapping/P-body and stress-granule components; signaling_condensate is the wrong destination.","Reassign to cytoplasmic_rnp_granule or p_body, not signaling_condensate"
RISC complex,discard_candidate,"A machine complex name, same class as the RNA polymerase II holoenzyme case already flagged for discard.","Send to the discard review, not to mirisc"
