unified_mlo,category,assertions,proteins,resources,resource_list,organisms,distinct_pmids,source_names,reported_annotations,reported_proteins,inflation_factor,rank_reported,rank_dedup,rank_shift,support_tier
nucleolus,Nuclear,9299,5002,4,"CDCODE,DrLLPS,PhaSepDB,PhasePro",20,648,8,12690,5011,1.36,1.0,1.0,0.0,well_supported
stress_granule,Citoplasmático,4518,2651,4,"CDCODE,DrLLPS,PhaSepDB,PhasePro",31,821,6,7939,2838,1.76,2.0,2.0,0.0,well_supported
postsynaptic_density,Neuronal,4411,2891,4,"CDCODE,DrLLPS,PhaSepDB,PhasePro",3,290,5,4631,2957,1.05,3.0,3.0,0.0,well_supported
p_body,Citoplasmático,1857,1198,4,"CDCODE,DrLLPS,PhaSepDB,PhasePro",13,320,5,3243,1507,1.75,4.0,4.0,0.0,well_supported
presynaptic_active_zone,Neuronal,1394,1383,3,"CDCODE,PhaSepDB,PhasePro",5,9,4,1417,1383,1.02,10.0,5.0,5.0,well_supported
NotInformed,Unspecified,1217,1217,1,PhaSepDB,108,985,1,3027,1217,2.49,5.0,6.0,-1.0,well_supported
centrosome,Citoesqueleto,998,977,4,"CDCODE,DrLLPS,PhaSepDB,PhasePro",9,37,5,1069,978,1.07,13.0,7.0,6.0,well_supported
nuclear_speckle,Nuclear,986,701,4,"CDCODE,DrLLPS,PhaSepDB,PhasePro",10,415,6,2063,710,2.09,7.0,8.0,-1.0,well_supported
pml_nuclear_body,Nuclear,960,774,4,"CDCODE,DrLLPS,PhaSepDB,PhasePro",5,183,3,2055,798,2.14,8.0,9.0,-1.0,well_supported
balbiani_body,Germinal,953,887,4,"CDCODE,DrLLPS,PhaSepDB,PhasePro",4,10,3,1381,887,1.45,11.0,10.0,1.0,well_supported
spindle_pole_body,Citoesqueleto,872,872,1,DrLLPS,8,1127,1,910,910,1.04,14.0,11.0,3.0,well_supported
p62_body,Citoplasmático,790,785,3,"CDCODE,PhaSepDB,PhasePro",4,28,5,2801,785,3.55,6.0,12.0,-6.0,well_supported
p_granule,Germinal,668,594,4,"CDCODE,DrLLPS,PhaSepDB,PhasePro",4,62,5,1476,707,2.21,9.0,13.0,-4.0,well_supported
nuclear_stress_body,Nuclear,595,585,3,"CDCODE,DrLLPS,PhaSepDB",2,27,2,1141,585,1.92,12.0,14.0,-2.0,well_supported
mast_cell_granule,Secretor,533,533,1,CDCODE,3,0,1,533,533,1.0,21.0,15.0,6.0,well_supported
in_vitro_droplet,In vitro,524,426,2,"DrLLPS,LLPSDB",65,320,1,552,442,1.05,19.0,16.0,3.0,well_supported
paraspeckle,Nuclear,368,272,4,"CDCODE,DrLLPS,PhaSepDB,PhasePro",3,191,3,873,273,2.37,15.0,17.0,-2.0,well_supported
cajal_body,Nuclear,345,256,3,"CDCODE,DrLLPS,PhaSepDB",5,120,1,640,257,1.86,17.0,18.0,-1.0,well_supported
tau_condensate,Neuronal,276,274,2,"CDCODE,PhaSepDB",2,44,3,576,274,2.09,18.0,19.0,-1.0,well_supported
nuclear_body,Nuclear,268,242,3,"CDCODE,PhaSepDB,PhasePro",9,125,8,544,242,2.03,20.0,20.0,0.0,well_supported
pyrenoid,Plastídico,267,182,3,"CDCODE,DrLLPS,PhasePro",1,5,3,267,182,1.0,24.0,21.0,3.0,well_supported
chromatoid_body,Germinal,215,109,2,"CDCODE,DrLLPS",3,17,1,222,114,1.03,27.0,22.0,5.0,well_supported
transcriptional_condensate,Nuclear,206,163,3,"CDCODE,PhaSepDB,PhasePro",8,235,20,650,163,3.16,16.0,23.0,-7.0,well_supported
neuronal_granule,Neuronal,174,113,4,"CDCODE,DrLLPS,PhaSepDB,PhasePro",5,157,8,336,118,1.93,22.0,24.0,-2.0,well_supported
nuclear_pore_complex,Nuclear,114,63,4,"CDCODE,DrLLPS,PhaSepDB,PhasePro",10,164,3,322,63,2.82,23.0,25.0,-2.0,well_supported
inclusion_body,Patológico,93,78,3,"CDCODE,PhaSepDB,PhasePro",27,102,7,251,78,2.7,26.0,26.0,0.0,well_supported
spindle_apparatus,Citoesqueleto,89,86,4,"CDCODE,DrLLPS,PhaSepDB,PhasePro",9,108,9,104,89,1.17,32.0,27.0,5.0,well_supported
l_body,Germinal,86,83,2,"CDCODE,PhaSepDB",1,2,2,161,83,1.87,30.0,28.0,2.0,well_supported
mitochondrial_rna_granule,Mitocondrial,82,42,2,"CDCODE,DrLLPS",1,16,2,84,44,1.02,37.0,29.0,8.0,moderate
chloroplast_stress_granule,Plastídico,79,79,1,CDCODE,2,0,1,79,79,1.0,38.0,30.0,8.0,well_supported
polycomb_body,Nuclear,75,40,4,"CDCODE,DrLLPS,PhaSepDB,PhasePro",4,18,3,99,44,1.32,34.0,31.0,3.0,moderate
dna_damage_foci,Nuclear,75,60,3,"CDCODE,DrLLPS,PhaSepDB",4,142,5,266,60,3.55,25.0,31.0,-6.0,well_supported
cytoplasmic_rnp_granule,Citoplasmático,71,66,3,"CDCODE,PhaSepDB,PhasePro",11,43,12,173,66,2.44,29.0,33.0,-4.0,well_supported
heterochromatin,Nuclear,65,52,3,"CDCODE,PhaSepDB,PhasePro",9,58,3,206,52,3.17,28.0,34.0,-6.0,well_supported
z_granule,Germinal,49,46,2,"CDCODE,PhaSepDB",3,8,2,100,46,2.04,33.0,35.0,-2.0,moderate
signaling_cluster,Membrana,44,30,4,"CDCODE,DrLLPS,PhaSepDB,PhasePro",3,36,3,110,36,2.5,31.0,36.0,-5.0,moderate
viroplasm,Viral,39,36,3,"CDCODE,PhaSepDB,PhasePro",8,8,3,59,36,1.51,43.0,37.0,6.0,moderate
sam68_nuclear_body,Nuclear,39,16,4,"CDCODE,DrLLPS,PhaSepDB,PhasePro",1,23,2,45,17,1.15,48.0,37.0,11.0,moderate
hyperosmotic_shock_foci,Citoplasmático,35,18,2,"CDCODE,PhaSepDB",1,10,2,63,18,1.8,41.0,39.0,2.0,moderate
viral_factory,Viral,34,30,3,"CDCODE,PhaSepDB,PhasePro",16,8,12,42,30,1.24,49.0,40.0,9.0,moderate
histone_locus_body,Nuclear,26,17,3,"CDCODE,DrLLPS,PhaSepDB",4,13,2,58,28,2.23,44.0,41.0,3.0,moderate
sponge_body,Germinal,25,13,2,"CDCODE,DrLLPS",1,6,1,27,14,1.08,53.0,42.0,11.0,moderate
proteasome_foci,Nuclear,25,18,2,"CDCODE,PhaSepDB",2,8,5,41,18,1.64,50.0,42.0,8.0,moderate
replication_compartment,Viral/Nuclear,23,21,2,"CDCODE,PhaSepDB",10,26,6,49,21,2.13,45.0,44.0,1.0,moderate
polarity_condensate,Neuronal,21,17,3,"CDCODE,PhaSepDB,PhasePro",7,3,6,25,17,1.19,57.0,45.0,12.0,moderate
signaling_condensate,Citoplasmático,21,21,1,CDCODE,5,0,12,22,21,1.05,62.0,45.0,17.0,moderate
tam_body,Nuclear,20,11,2,"CDCODE,DrLLPS",1,2,2,22,11,1.1,62.0,47.0,15.0,moderate
bacterial_rnp_body,Procariota,19,18,3,"CDCODE,PhaSepDB,PhasePro",11,4,4,25,18,1.32,57.0,48.0,9.0,moderate
sec_body,Citoplasmático,19,11,3,"CDCODE,PhaSepDB,PhasePro",3,3,2,27,11,1.42,53.0,48.0,5.0,moderate
hippo_condensate,Membrana,18,18,1,CDCODE,2,0,4,20,18,1.11,66.0,50.0,16.0,moderate
cytoplasmic_protein_granule,Citoplasmático,17,17,2,"CDCODE,PhasePro",6,8,2,17,17,1.0,69.0,51.0,18.0,moderate
glycolytic_body,Citoplasmático,15,9,2,"CDCODE,PhaSepDB",3,4,3,23,9,1.53,60.0,52.0,8.0,low
golgin_condensate,Citoplasmático,14,7,2,"CDCODE,PhaSepDB",1,2,2,23,7,1.64,60.0,53.0,7.0,low
plant_photobody,Plastídico,14,10,2,"CDCODE,PhaSepDB",1,6,3,29,10,2.07,52.0,53.0,-1.0,low
insulator_body,Nuclear,14,8,2,"CDCODE,DrLLPS",1,7,1,21,15,1.5,65.0,53.0,12.0,low
elva,Nuclear,13,13,1,CDCODE,1,0,1,13,13,1.0,76.0,56.0,20.0,moderate
nuage,Germinal,13,10,3,"CDCODE,DrLLPS,PhaSepDB",5,28,2,47,11,3.62,47.0,56.0,-9.0,low
synapsin_condensate,Neuronal,13,11,3,"CDCODE,PhaSepDB,PhasePro",2,32,4,70,11,5.38,39.0,56.0,-17.0,moderate
endocytic_condensate,Membrana,12,12,1,CDCODE,1,0,2,14,12,1.17,72.0,59.0,13.0,moderate
sars_cov2_n_condensate,Viral,12,10,2,"CDCODE,PhaSepDB",2,36,3,61,10,5.08,42.0,59.0,-17.0,low
degradosome,Procariota,12,12,1,CDCODE,1,0,1,12,12,1.0,79.0,59.0,20.0,moderate
anisosome,Nuclear,12,6,2,"CDCODE,PhaSepDB",1,50,1,70,6,5.83,39.0,59.0,-20.0,low
wnt_destruction_complex,Citoplasmático,12,7,2,"CDCODE,PhaSepDB",1,12,2,36,7,3.0,51.0,59.0,-8.0,low
enhancer_condensate,Nuclear,11,9,3,"CDCODE,PhaSepDB,PhasePro",1,19,5,27,9,2.45,53.0,64.0,-11.0,low
pre_autophagosomal_structure,Citoplasmático,11,7,2,"CDCODE,PhaSepDB",2,4,3,18,7,1.64,68.0,64.0,4.0,low
eres_condensate,Citoplasmático,10,10,1,CDCODE,1,0,2,11,10,1.1,81.0,66.0,15.0,low
necrosome,Citoplasmático,9,9,2,"CDCODE,PhaSepDB",2,1,2,11,9,1.22,81.0,67.0,14.0,low
inflammasome,Citoplasmático,9,9,1,CDCODE,1,0,2,9,9,1.0,88.0,67.0,21.0,low
negri_body,Viral,9,5,3,"CDCODE,PhaSepDB,PhasePro",3,3,1,15,5,1.67,71.0,67.0,4.0,low
yb_body,Germinal,9,5,3,"CDCODE,PhaSepDB,PhasePro",2,2,2,14,5,1.56,72.0,67.0,5.0,low
sint_speckle,Citoplasmático,9,5,2,"CDCODE,PhaSepDB",1,1,2,14,5,1.56,72.0,67.0,5.0,low
ankle_link_condensate,Membrana,8,8,1,CDCODE,2,0,2,8,8,1.0,90.0,72.0,18.0,low
wnt_signaling_condensate,Citoplasmático,8,7,2,"CDCODE,PhaSepDB",2,13,5,27,7,3.38,53.0,72.0,-19.0,low
purinosome,Citoplasmático,8,5,2,"CDCODE,PhaSepDB",1,2,1,12,5,1.5,79.0,72.0,7.0,low
cgas_dna_complex,Citoplasmático,8,4,3,"CDCODE,PhaSepDB,PhasePro",2,8,2,22,4,2.75,62.0,72.0,-10.0,low
mardo,Germinal,7,7,1,CDCODE,2,0,1,7,7,1.0,94.0,76.0,18.0,low
germ_plasm,Germinal,7,6,3,"CDCODE,PhaSepDB,PhasePro",3,4,3,11,8,1.57,81.0,76.0,5.0,low
chromatin_compartment,Nuclear,7,5,3,"CDCODE,DrLLPS,PhasePro",4,3,4,7,5,1.0,94.0,76.0,18.0,low
midbody_granule,Mitótico,7,7,1,CDCODE,1,0,1,7,7,1.0,94.0,76.0,18.0,low
ubqln_puncta,Citoplasmático,7,4,2,"CDCODE,PhaSepDB",2,8,2,20,4,2.86,66.0,76.0,-10.0,low
plant_signaling_condensate,Citoplasmático,7,7,1,CDCODE,3,0,5,7,7,1.0,94.0,76.0,18.0,low
perinucleolar_compartment,Nuclear,7,7,2,"CDCODE,DrLLPS",3,1,2,8,8,1.14,90.0,76.0,14.0,low
sirna_body,Citoplasmático,7,5,2,"CDCODE,DrLLPS",1,3,2,7,5,1.0,94.0,76.0,18.0,low
u_body,Citoplasmático,6,5,2,"CDCODE,DrLLPS",2,1,2,8,5,1.33,90.0,84.0,6.0,low
t_cell_signalosome,Membrana,6,3,2,"CDCODE,PhasePro",1,1,3,9,3,1.5,88.0,84.0,4.0,very_low
mediator_condensate,Nuclear,6,6,1,PhaSepDB,2,13,1,24,6,4.0,59.0,84.0,-25.0,low
integrin_adhesion_complex,Membrana,6,6,2,"CDCODE,PhaSepDB",2,1,2,7,6,1.17,94.0,84.0,10.0,low
mirisc,Citoplasmático,6,2,3,"CDCODE,PhaSepDB,PhasePro",1,2,4,13,2,2.17,76.0,84.0,-8.0,very_low
nuclear_protein_granule,Nuclear,6,6,1,PhasePro,1,4,1,6,6,1.0,102.0,84.0,18.0,low
nuclear_dicing_body,Nuclear,6,3,2,"CDCODE,PhaSepDB",1,2,1,10,3,1.67,85.0,84.0,1.0,very_low
mitochondrial_nucleoid,Mitocondrial,6,6,1,PhaSepDB,2,2,1,14,6,2.33,72.0,84.0,-12.0,low
aggresome,Citoplasmático,6,6,1,CDCODE,1,0,1,6,6,1.0,102.0,84.0,18.0,low
actin_cortical_patch,Citoesqueleto,5,5,2,"CDCODE,PhasePro",2,1,3,5,5,1.0,109.0,93.0,16.0,low
carboxysome,Procariota,5,5,2,"CDCODE,PhaSepDB",3,4,2,10,5,2.0,85.0,93.0,-8.0,low
cleavage_body,Nuclear,5,3,2,"CDCODE,DrLLPS",1,2,1,6,3,1.2,102.0,93.0,9.0,very_low
zo_protein_compartment,Membrana,5,5,1,CDCODE,1,0,1,5,5,1.0,109.0,93.0,16.0,low
opt_domain,Nuclear,5,5,1,DrLLPS,1,2,1,7,7,1.4,94.0,93.0,1.0,low
assemblysome,Nuclear,4,4,2,"CDCODE,PhaSepDB",2,2,1,8,4,2.0,90.0,98.0,-8.0,low
chromogranin_condensate,Citoplasmático,4,4,1,CDCODE,3,0,2,4,4,1.0,113.0,98.0,15.0,low
sup35_condensate,Citoplasmático,4,2,2,"CDCODE,PhasePro",2,1,1,4,2,1.0,113.0,98.0,15.0,very_low
spop_daxx_body,Nuclear,4,2,2,"CDCODE,PhasePro",1,1,1,4,2,1.0,113.0,98.0,15.0,very_low
ftsz_droplet,Procariota,4,2,2,"CDCODE,PhasePro",1,1,3,5,2,1.25,109.0,98.0,11.0,very_low
ddx1_body,Nuclear,4,2,2,"CDCODE,DrLLPS",1,2,1,4,2,1.0,113.0,98.0,15.0,very_low
oskar_granule,Germinal,4,4,1,PhaSepDB,2,82,1,89,4,22.25,35.0,98.0,-63.0,low
norad_pum_body,Nuclear,4,2,2,"CDCODE,PhaSepDB",1,1,2,6,2,1.5,102.0,98.0,4.0,very_low
gem,Nuclear,4,4,3,"CDCODE,DrLLPS,PhaSepDB",2,15,3,16,13,4.0,70.0,98.0,-28.0,low
enhanceosome,Nuclear,4,4,1,PhasePro,1,2,1,4,4,1.0,113.0,98.0,15.0,low
wnk_body,Citoplasmático,4,4,1,CDCODE,1,0,1,4,4,1.0,113.0,98.0,15.0,low
mutator_foci,Germinal,3,1,3,"CDCODE,PhaSepDB,PhasePro",1,2,4,7,1,2.33,94.0,109.0,-15.0,single_protein
ferritin_condensate,Citoplasmático,3,3,1,CDCODE,1,0,1,3,3,1.0,124.0,109.0,15.0,very_low
mesh_condensate,Citoplasma,3,3,1,PhaSepDB,1,82,1,87,3,29.0,36.0,109.0,-73.0,very_low
twn_body,Vegetal,3,3,1,PhaSepDB,1,1,1,6,3,2.0,102.0,109.0,-7.0,very_low
tis_granule,Citoplasmático,3,1,3,"CDCODE,PhaSepDB,PhasePro",1,2,1,4,1,1.33,113.0,109.0,4.0,single_protein
slit_diaphragm_condensate,Membrana,3,3,1,CDCODE,1,0,1,3,3,1.0,124.0,109.0,15.0,very_low
sting_phase_separator,Citoplasmático,3,2,2,"CDCODE,PhaSepDB",1,2,1,5,2,1.67,109.0,109.0,0.0,very_low
cytoplasmic_nucleoporin_granule,Nuclear,3,3,1,PhaSepDB,1,8,1,13,3,4.33,76.0,109.0,-33.0,very_low
abscission_checkpoint_body,Nuclear,3,3,1,PhaSepDB,1,1,1,6,3,2.0,102.0,109.0,-7.0,very_low
nono_condensate,Nuclear,3,3,1,PhaSepDB,1,1,1,6,3,2.0,102.0,109.0,-7.0,very_low
amyloid_body,Nuclear,2,2,1,PhaSepDB,1,1,1,4,2,2.0,113.0,119.0,-6.0,very_low
std1_body,Citoplasmático,2,1,2,"CDCODE,PhasePro",1,1,2,2,1,1.0,130.0,119.0,11.0,single_protein
u1_snrnp_condensate,Nuclear,2,2,1,PhaSepDB,1,1,1,4,2,2.0,113.0,119.0,-6.0,very_low
vipr_body,Nuclear,2,2,1,PhaSepDB,2,8,1,11,2,5.5,81.0,119.0,-38.0,very_low
tdp43_nuclear_condensate,Nuclear,2,2,1,PhaSepDB,1,46,1,49,2,24.5,45.0,119.0,-74.0,very_low
mcd_condensate,Procariota,2,2,1,CDCODE,1,0,1,2,2,1.0,130.0,119.0,11.0,very_low
exosomal_condensate,Extracelular,2,2,1,CDCODE,1,0,2,2,2,1.0,130.0,119.0,11.0,very_low
sex_body,Nuclear,2,2,1,CDCODE,2,0,1,2,2,1.0,130.0,119.0,11.0,very_low
simr_foci,Germinal,2,2,1,CDCODE,1,0,1,2,2,1.0,130.0,119.0,11.0,very_low
liquid_dyrk3_speckle,Nuclear/Mitótico,2,1,2,"CDCODE,PhasePro",1,1,2,2,1,1.0,130.0,119.0,11.0,single_protein
maternal_mrna_condensate,Nuclear,2,2,2,"CDCODE,PhaSepDB",2,1,2,3,2,1.5,124.0,119.0,5.0,very_low
icp22_condensate,Viral,2,2,1,PhaSepDB,1,1,1,2,2,1.0,130.0,119.0,11.0,very_low
contractile_ring,Citoesqueleto,2,1,2,"CDCODE,PhasePro",1,1,2,2,1,1.0,130.0,119.0,11.0,single_protein
fip200_puncta,Autofagia,2,2,1,PhaSepDB,1,3,1,3,2,1.5,124.0,119.0,5.0,very_low
haemoglobin_body,Citoplasma,2,2,1,PhaSepDB,1,1,1,4,2,2.0,113.0,119.0,-6.0,very_low
morc3_nuclear_body,Nuclear,2,1,2,"CDCODE,PhasePro",1,1,2,2,1,1.0,130.0,119.0,11.0,single_protein
amyloid_aggregate,Citoplasmático,1,1,1,CDCODE,1,0,1,1,1,1.0,148.0,135.0,13.0,single_protein
elastin_granule,Extracelular,1,1,1,CDCODE,1,0,1,1,1,1.0,148.0,135.0,13.0,single_protein
elks_condensate,Neuronal,1,1,1,PhaSepDB,1,1,1,2,1,2.0,130.0,135.0,-5.0,single_protein
dps_condensate,Procariota,1,1,1,CDCODE,1,0,1,1,1,1.0,148.0,135.0,13.0,single_protein
d_granule,Citoplasmático,1,1,1,CDCODE,1,0,1,1,1,1.0,148.0,135.0,13.0,single_protein
cortical_condensate,Membrana,1,1,1,PhaSepDB,1,4,1,4,1,4.0,113.0,135.0,-22.0,single_protein
cojusome,Citoplasmático,1,1,1,CDCODE,1,0,1,1,1,1.0,148.0,135.0,13.0,single_protein
antiviral_condensate,Citoplasma,1,1,1,PhaSepDB,1,1,1,2,1,2.0,130.0,135.0,-5.0,single_protein
axonal_tiar2_granule,Neuronal,1,1,1,PhasePro,1,1,1,1,1,1.0,148.0,135.0,13.0,single_protein
baz2a_body,Nuclear,1,1,1,CDCODE,1,0,1,1,1,1.0,148.0,135.0,13.0,single_protein
bag2_condensate,Citoplasma,1,1,1,PhaSepDB,1,1,1,2,1,2.0,130.0,135.0,-5.0,single_protein
galectin_lattice,Membrana,1,1,1,PhasePro,1,1,2,2,1,2.0,130.0,135.0,-5.0,single_protein
kat6a_condensate,Nuclear,1,1,1,PhaSepDB,1,1,1,2,1,2.0,130.0,135.0,-5.0,single_protein
inava_condensate,Citoplasmático,1,1,1,CDCODE,1,0,2,2,1,2.0,130.0,135.0,-5.0,single_protein
inq_compartment,Nuclear,1,1,1,PhaSepDB,1,1,1,2,1,2.0,130.0,135.0,-5.0,single_protein
intracellular_dna_protein_granule,Citoplasmático,1,1,1,PhasePro,1,1,1,1,1,1.0,148.0,135.0,13.0,single_protein
escrt_condensate,Membrana,1,1,1,CDCODE,1,0,1,1,1,1.0,148.0,135.0,13.0,single_protein
nikr_compartment,Procariota,1,1,1,PhaSepDB,1,1,1,2,1,2.0,130.0,135.0,-5.0,single_protein
galectin_condensate,Membrana,1,1,1,CDCODE,1,0,1,1,1,1.0,148.0,135.0,13.0,single_protein
gbpl_condensate,Vegetal,1,1,1,PhaSepDB,1,2,1,3,1,3.0,124.0,135.0,-11.0,single_protein
frq_condensate,Citoplasmático,1,1,1,CDCODE,1,0,1,1,1,1.0,148.0,135.0,13.0,single_protein
pi_body,Germinal,1,1,1,PhasePro,1,1,1,1,1,1.0,148.0,135.0,13.0,single_protein
pab2_condensate,Nuclear,1,1,1,PhaSepDB,1,1,1,2,1,2.0,130.0,135.0,-5.0,single_protein
polyp_granule,Procariota,1,1,1,CDCODE,1,0,1,1,1,1.0,148.0,135.0,13.0,single_protein
polarisome,Citoesqueleto,1,1,1,CDCODE,1,0,1,1,1,1.0,148.0,135.0,13.0,single_protein
rna_helicase_condensate,Citoplasma,1,1,1,PhaSepDB,1,1,1,1,1,1.0,148.0,135.0,13.0,single_protein
refractile_body,Procariota,1,1,1,CDCODE,1,0,1,1,1,1.0,148.0,135.0,13.0,single_protein
rho_body,Procariota,1,1,1,CDCODE,0,0,1,1,1,1.0,148.0,135.0,13.0,single_protein
parabs_condensate,Procariota,1,1,1,CDCODE,1,0,1,1,1,1.0,148.0,135.0,13.0,single_protein
smn_complex,Nuclear/Citoplasmático,1,1,1,CDCODE,1,0,1,1,1,1.0,148.0,135.0,13.0,single_protein
spider_silk_condensate,Extracelular,1,1,1,CDCODE,1,0,1,1,1,1.0,148.0,135.0,13.0,single_protein
spliceosome,Nuclear,1,1,1,PhaSepDB,1,9,1,10,1,10.0,85.0,135.0,-50.0,single_protein
tmar_condensate,Procariota,1,1,1,PhaSepDB,1,2,1,3,1,3.0,124.0,135.0,-11.0,single_protein
adhesin_nanodomain,Membrana,0,0,0,,0,0,0,0,0,,,,,orphan
npr1_condensate,Citoplasmático,0,0,0,,0,0,0,0,0,,,,,orphan
rosenthal_fiber,Patológico,0,0,0,,0,0,0,0,0,,,,,orphan
