mlo_db	mlo
cytoplasmic stress granule	cytoplasmic stress granule
P granule	p granule
spindle matrix	spindle matrix
cytoplasmic ribonucleoprotein granule	cytoplasmic ribonucleoprotein granule
synaptosome, neuron projection	synaptosome, neuron projection
neuronal ribonucleoprotein granule	neuronal ribonucleoprotein granule
nuclear protein granule	nuclear protein granule
membrane cluster	membrane cluster
actin cortical patch	actin cortical patch
Arp2/3 protein complex	arp2/3 protein complex
pi-body	pi-body
nuclear pore central transport channel	nuclear pore central transport channel
selective hydrogel-like meshwork formed by FG-nucleoporins in nuclear pore central channel	selective hydrogel-like meshwork formed by fg-nucleoporins in nuclear pore central channel
extracellular matrix	extracellular matrix
collagen-containing extracellular matrix	collagen-containing extracellular matrix
paraspeckle	paraspeckle
heterochromatin	heterochromatin
nucleolus	nucleolus
dense fibrillar component	dense fibrillar component
nuclear body	nuclear body
granular component	granular component
pericentriolar material	pericentriolar material
cytoplasmic protein granule	cytoplasmic protein granule
cytoplasmic microtubule	cytoplasmic microtubule
condensed compartments of microtubule bundling	condensed compartments of microtubule bundling
RISC complex	risc complex
P-body	p-body
micro-ribonucleoprotein complex	micro-ribonucleoprotein complex
miRISC	mirisc
GW-body	gw-body
postsynaptic density	postsynaptic density
galectin complex	galectin complex
galectin lattice	galectin lattice
inclusion body	inclusion body
p62 body	p62 body
TCR signalosome	tcr signalosome
LAT signalosome	lat signalosome
basal Numb-Pon crescent in dividing neuroblasts	basal numb-pon crescent in dividing neuroblasts
Sup35 condensate	sup35 condensate
mutator focus	mutator focus
small RNA amplification complex	small rna amplification complex
presynaptic cytosol	presynaptic cytosol
a matrix holding together clusters of synaptic vesicles (SVs)	a matrix holding together clusters of synaptic vesicles (svs)
intracellular DNA/protein granule	intracellular dna/protein granule
cGAS foci	cgas foci
enhanceosome	enhanceosome
nuclear bodies that occur at super enhancers in mESCs	nuclear bodies that occur at super enhancers in mescs
mitochondrial cloud	mitochondrial cloud
germ plasm	germ plasm
Balbiani body	balbiani body
Ftsz-rich droplets at specific chromosomal DNA sites	ftsz-rich droplets at specific chromosomal dna sites
cytoplasmic viral factory	cytoplasmic viral factory
Negri body	negri body
bacterial RNP-bodies (BR-bodies)	bacterial rnp-bodies (br-bodies)
ribonucleoprotein complex	ribonucleoprotein complex
Sam68 nuclear bodies (SNBs)	sam68 nuclear bodies (snbs)
SPOP/DAXX body	spop/daxx body
euchromatin	euchromatin
Sec body	sec body
RNA polymerase II, holoenzyme	rna polymerase ii, holoenzyme
POLII clusters	polii clusters
nuclear speckle	nuclear speckle
viroplasm	viroplasm
PcG protein complex	pcg protein complex
PcG chromatin condensates	pcg chromatin condensates
Std1 bodies	std1 bodies
pyrenoid	pyrenoid
TIS granule	tis granule
robustly E2-activated enhancers (MegaTrans) enhancers	robustly e2-activated enhancers (megatrans) enhancers
liquid-like DYRK3 speckles	liquid-like dyrk3 speckles
intracellular non-membrane-bounded organelle	intracellular non-membrane-bounded organelle
PML body	pml body
contractile ring	contractile ring
Yb body	yb body
MORC3-NBs	morc3-nbs
axonal TIAR-2 granules	axonal tiar-2 granules
_	
Nuclear pore complex	nuclear pore complex
Nuage	nuage
Paraspeckle	paraspeckle
Stress granule	stress granule
Spindle apparatus	spindle apparatus
Neuronal granule	neuronal granule
Pericentriolar matrix	pericentriolar matrix
Heterochromatin	heterochromatin
Nuclear speckle	nuclear speckle
Nuclear body	nuclear body
Tau condensate	tau condensate
Adhesin nanodomain	adhesin nanodomain
Htt inclusion	htt inclusion
Postsynaptic density	postsynaptic density
UBQLN puncta	ubqln puncta
Nucleolus	nucleolus
Presynaptic active zone condensate	presynaptic active zone condensate
Polycomb body	polycomb body
DNA damage foci	dna damage foci
Centrosome	centrosome
ZO protein compartment	zo protein compartment
Polarisome	polarisome
Synapsin condensate	synapsin condensate
Transcriptional condensate	transcriptional condensate
Par complex	par complex
enhancer condensate	enhancer condensate
SARS-CoV-2 N condensate	sars-cov-2 n condensate
Nuclear speckle,Nucleolus	nuclear speckle,nucleolus
Mediator condensate	mediator condensate
Centrosome,Pericentriolar matrix	centrosome,pericentriolar matrix
Receptor cluster	receptor cluster
Nuclear dicing body	nuclear dicing body
Anisosome	anisosome
STING phase-separator	sting phase-separator
Stress granule,Nucleolus,Nuclear pore complex	stress granule,nucleolus,nuclear pore complex
p62 cluster	p62 cluster
Nucleolus,Cajal body,Stress granule,P-body	nucleolus,cajal body,stress granule,p-body
Z granule	z granule
Spindle apparatus,Stress granule,Centrosome	spindle apparatus,stress granule,centrosome
cGAS-DNA complex	cgas-dna complex
Mutator foci	mutator foci
Germ plasm	germ plasm
Nuclear stress body	nuclear stress body
Hyperosmotic shock foci	hyperosmotic shock foci
SINT-speckle	sint-speckle
Pre-autophagosomal structure	pre-autophagosomal structure
Glycolytic body	glycolytic body
P-body,Stress granule	p-body,stress granule
Proteasome containing foci	proteasome containing foci
Mediator condensate,Transcriptional condensate	mediator condensate,transcriptional condensate
PML nuclear body	pml nuclear body
Histone locus body	histone locus body
Golgin condensate	golgin condensate
Inclusion body	inclusion body
Cajal body	cajal body
Cajal body,Nucleolus	cajal body,nucleolus
PML nuclear body,Nucleolus	pml nuclear body,nucleolus
Splicesome	splicesome
SMN complex	smn complex
Rosenthal fiber	rosenthal fiber
IMP1 ribonucleoprotein granule	imp1 ribonucleoprotein granule
Sam68 nuclear body	sam68 nuclear body
Droplet	droplet
Gemini of cajal body	gemini of cajal body
Others	others
Centrosome/Spindle pole body	centrosome/spindle pole body
Microtubule	microtubule
PcG body	pcg body
Cleavage body	cleavage body
DDX1 body	ddx1 body
Chromatoid body	chromatoid body
Pyrenoid matrix	pyrenoid matrix
Chromatin	chromatin
Germ plasm/Polar granule	germ plasm/polar granule
U body	u body
Insulator body	insulator body
Sponge body	sponge body
OPT domain	opt domain
Mitochondrial RNA granule	mitochondrial rna granule
Perinucleolar compartment	perinucleolar compartment
TAM body	tam body
siRNA body	sirna body
