accesion_obsoleta,accesion_vigente,motivo
A0A023T4K3,P49029,MERGED segun uniprot_cache.db (inactiveReason.mergeDemergeTo); ambas accesiones estaban en proteins
A0A087X0M4,Q9BWU0,MERGED segun uniprot_cache.db (inactiveReason.mergeDemergeTo); ambas accesiones estaban en proteins
A0A0B4KH25,P08985,MERGED segun uniprot_cache.db (inactiveReason.mergeDemergeTo); ambas accesiones estaban en proteins
A3KFL4,Q13868,MERGED segun uniprot_cache.db (inactiveReason.mergeDemergeTo); ambas accesiones estaban en proteins
A6NIT8,P14866,MERGED segun uniprot_cache.db (inactiveReason.mergeDemergeTo); ambas accesiones estaban en proteins
A6NN01,Q71UI9,MERGED segun uniprot_cache.db (inactiveReason.mergeDemergeTo); ambas accesiones estaban en proteins
A6NNR3,P62136,MERGED segun uniprot_cache.db (inactiveReason.mergeDemergeTo); ambas accesiones estaban en proteins
A8CZ64,P28482,MERGED segun uniprot_cache.db (inactiveReason.mergeDemergeTo); ambas accesiones estaban en proteins
A8MWI8,Q99832,MERGED segun uniprot_cache.db (inactiveReason.mergeDemergeTo); ambas accesiones estaban en proteins
A8MY67,P30154,MERGED segun uniprot_cache.db (inactiveReason.mergeDemergeTo); ambas accesiones estaban en proteins
A8MZ62,P40937,MERGED segun uniprot_cache.db (inactiveReason.mergeDemergeTo); ambas accesiones estaban en proteins
B3H5K3,B6EUB3,MERGED segun uniprot_cache.db (inactiveReason.mergeDemergeTo); ambas accesiones estaban en proteins
B3KRS5,Q92769,MERGED segun uniprot_cache.db (inactiveReason.mergeDemergeTo); ambas accesiones estaban en proteins
B4DDP6,Q9UJU6,MERGED segun uniprot_cache.db (inactiveReason.mergeDemergeTo); ambas accesiones estaban en proteins
B4DEM2,Q9UJU6,MERGED segun uniprot_cache.db (inactiveReason.mergeDemergeTo); ambas accesiones estaban en proteins
B4DGB4,P13797,MERGED segun uniprot_cache.db (inactiveReason.mergeDemergeTo); ambas accesiones estaban en proteins
B4DJ10,Q9P2J5,MERGED segun uniprot_cache.db (inactiveReason.mergeDemergeTo); ambas accesiones estaban en proteins
B4DJP7,P62318,MERGED segun uniprot_cache.db (inactiveReason.mergeDemergeTo); ambas accesiones estaban en proteins
B4DK30,Q15029,MERGED segun uniprot_cache.db (inactiveReason.mergeDemergeTo); ambas accesiones estaban en proteins
B4DLA9,Q5QNW6,MERGED segun uniprot_cache.db (inactiveReason.mergeDemergeTo); ambas accesiones estaban en proteins
B4DN45,P31153,MERGED segun uniprot_cache.db (inactiveReason.mergeDemergeTo); ambas accesiones estaban en proteins
B4DNT0,P30740,MERGED segun uniprot_cache.db (inactiveReason.mergeDemergeTo); ambas accesiones estaban en proteins
B4DP75,Q99623,MERGED segun uniprot_cache.db (inactiveReason.mergeDemergeTo); ambas accesiones estaban en proteins
B4DQW2,Q08J23,MERGED segun uniprot_cache.db (inactiveReason.mergeDemergeTo); ambas accesiones estaban en proteins
B4DT35,Q7Z3B4,MERGED segun uniprot_cache.db (inactiveReason.mergeDemergeTo); ambas accesiones estaban en proteins
B4DVV9,Q96GC9,MERGED segun uniprot_cache.db (inactiveReason.mergeDemergeTo); ambas accesiones estaban en proteins
B4DX68,Q96KB5,MERGED segun uniprot_cache.db (inactiveReason.mergeDemergeTo); ambas accesiones estaban en proteins
B4DY47,P35232,MERGED segun uniprot_cache.db (inactiveReason.mergeDemergeTo); ambas accesiones estaban en proteins
B4DYV2,Q9NXF1,MERGED segun uniprot_cache.db (inactiveReason.mergeDemergeTo); ambas accesiones estaban en proteins
B7Z1R5,P38606,MERGED segun uniprot_cache.db (inactiveReason.mergeDemergeTo); ambas accesiones estaban en proteins
B7Z3X6,O94875,MERGED segun uniprot_cache.db (inactiveReason.mergeDemergeTo); ambas accesiones estaban en proteins
B7Z4T9,Q99832,MERGED segun uniprot_cache.db (inactiveReason.mergeDemergeTo); ambas accesiones estaban en proteins
B7Z4Z7,Q99832,MERGED segun uniprot_cache.db (inactiveReason.mergeDemergeTo); ambas accesiones estaban en proteins
B7Z6M1,P13797,MERGED segun uniprot_cache.db (inactiveReason.mergeDemergeTo); ambas accesiones estaban en proteins
B7ZKM0,Q15020,MERGED segun uniprot_cache.db (inactiveReason.mergeDemergeTo); ambas accesiones estaban en proteins
B7ZPG0,Q7T3U0,MERGED segun uniprot_cache.db (inactiveReason.mergeDemergeTo); ambas accesiones estaban en proteins
C9J7P1,Q9UJU6,MERGED segun uniprot_cache.db (inactiveReason.mergeDemergeTo); ambas accesiones estaban en proteins
C9JGC4,Q8NBT2,MERGED segun uniprot_cache.db (inactiveReason.mergeDemergeTo); ambas accesiones estaban en proteins
C9JT33,Q9NZI8,MERGED segun uniprot_cache.db (inactiveReason.mergeDemergeTo); ambas accesiones estaban en proteins
C9JYS3,Q9UM22,MERGED segun uniprot_cache.db (inactiveReason.mergeDemergeTo); ambas accesiones estaban en proteins
E7EPK6,P62847,MERGED segun uniprot_cache.db (inactiveReason.mergeDemergeTo); ambas accesiones estaban en proteins
E9PAS5,O94875,MERGED segun uniprot_cache.db (inactiveReason.mergeDemergeTo); ambas accesiones estaban en proteins
E9PFU1,Q8WUM4,MERGED segun uniprot_cache.db (inactiveReason.mergeDemergeTo); ambas accesiones estaban en proteins
E9PH29,P30048,MERGED segun uniprot_cache.db (inactiveReason.mergeDemergeTo); ambas accesiones estaban en proteins
E9QAS7,Q7TNC9,MERGED segun uniprot_cache.db (inactiveReason.mergeDemergeTo); ambas accesiones estaban en proteins
F1LN59,Q5BJU2,MERGED segun uniprot_cache.db (inactiveReason.mergeDemergeTo); ambas accesiones estaban en proteins
F5GY65,Q02978,MERGED segun uniprot_cache.db (inactiveReason.mergeDemergeTo); ambas accesiones estaban en proteins
F5GYZ3,Q15233,MERGED segun uniprot_cache.db (inactiveReason.mergeDemergeTo); ambas accesiones estaban en proteins
F5H1S2,P26373,MERGED segun uniprot_cache.db (inactiveReason.mergeDemergeTo); ambas accesiones estaban en proteins
F5H5W3,P50991,MERGED segun uniprot_cache.db (inactiveReason.mergeDemergeTo); ambas accesiones estaban en proteins
F8VTJ5,Q8TAQ2,MERGED segun uniprot_cache.db (inactiveReason.mergeDemergeTo); ambas accesiones estaban en proteins
F8W720,P49915,MERGED segun uniprot_cache.db (inactiveReason.mergeDemergeTo); ambas accesiones estaban en proteins
F8W7P3,P35030,MERGED segun uniprot_cache.db (inactiveReason.mergeDemergeTo); ambas accesiones estaban en proteins
F8W8G1,P30154,MERGED segun uniprot_cache.db (inactiveReason.mergeDemergeTo); ambas accesiones estaban en proteins
G3V1C3,Q9BZZ5,MERGED segun uniprot_cache.db (inactiveReason.mergeDemergeTo); ambas accesiones estaban en proteins
G3V1R4,Q08J23,MERGED segun uniprot_cache.db (inactiveReason.mergeDemergeTo); ambas accesiones estaban en proteins
G8JLD5,O00429,MERGED segun uniprot_cache.db (inactiveReason.mergeDemergeTo); ambas accesiones estaban en proteins
O02916,Q9BWF3,MERGED segun uniprot_cache.db (inactiveReason.mergeDemergeTo); ambas accesiones estaban en proteins
O14547,Q6P2Q9,MERGED segun uniprot_cache.db (inactiveReason.mergeDemergeTo); ambas accesiones estaban en proteins
O14897,Q8NE71,MERGED segun uniprot_cache.db (inactiveReason.mergeDemergeTo); ambas accesiones estaban en proteins
O15441,Q9BZZ5,MERGED segun uniprot_cache.db (inactiveReason.mergeDemergeTo); ambas accesiones estaban en proteins
O43328,Q1ED39,MERGED segun uniprot_cache.db (inactiveReason.mergeDemergeTo); ambas accesiones estaban en proteins
O75992,Q68CQ4,MERGED segun uniprot_cache.db (inactiveReason.mergeDemergeTo); ambas accesiones estaban en proteins
P29043,P50454,MERGED segun uniprot_cache.db (inactiveReason.mergeDemergeTo); ambas accesiones estaban en proteins
P35544,P62861,MERGED segun uniprot_cache.db (inactiveReason.mergeDemergeTo); ambas accesiones estaban en proteins
Q07161,P62136,MERGED segun uniprot_cache.db (inactiveReason.mergeDemergeTo); ambas accesiones estaban en proteins
Q12803,Q08211,MERGED segun uniprot_cache.db (inactiveReason.mergeDemergeTo); ambas accesiones estaban en proteins
Q12987,Q5QJE6,MERGED segun uniprot_cache.db (inactiveReason.mergeDemergeTo); ambas accesiones estaban en proteins
Q14281,Q7L1Q6,MERGED segun uniprot_cache.db (inactiveReason.mergeDemergeTo); ambas accesiones estaban en proteins
Q14981,Q14980,MERGED segun uniprot_cache.db (inactiveReason.mergeDemergeTo); ambas accesiones estaban en proteins
Q16051,Q14527,MERGED segun uniprot_cache.db (inactiveReason.mergeDemergeTo); ambas accesiones estaban en proteins
Q2TU79,Q9P2J5,MERGED segun uniprot_cache.db (inactiveReason.mergeDemergeTo); ambas accesiones estaban en proteins
Q5SZ07,P51858,MERGED segun uniprot_cache.db (inactiveReason.mergeDemergeTo); ambas accesiones estaban en proteins
Q5SZ08,P51858,MERGED segun uniprot_cache.db (inactiveReason.mergeDemergeTo); ambas accesiones estaban en proteins
Q7Z481,Q9Y2L1,MERGED segun uniprot_cache.db (inactiveReason.mergeDemergeTo); ambas accesiones estaban en proteins
Q7Z5E3,O75367,MERGED segun uniprot_cache.db (inactiveReason.mergeDemergeTo); ambas accesiones estaban en proteins
Q7Z638,Q5BKZ1,MERGED segun uniprot_cache.db (inactiveReason.mergeDemergeTo); ambas accesiones estaban en proteins
Q86T58,Q9H2Y7,MERGED segun uniprot_cache.db (inactiveReason.mergeDemergeTo); ambas accesiones estaban en proteins
Q86UC4,Q9BXY0,MERGED segun uniprot_cache.db (inactiveReason.mergeDemergeTo); ambas accesiones estaban en proteins
Q86VM3,Q9BQG0,MERGED segun uniprot_cache.db (inactiveReason.mergeDemergeTo); ambas accesiones estaban en proteins
Q8IU69,Q8IUF8,MERGED segun uniprot_cache.db (inactiveReason.mergeDemergeTo); ambas accesiones estaban en proteins
Q8IUK7,P02768,MERGED segun uniprot_cache.db (inactiveReason.mergeDemergeTo); ambas accesiones estaban en proteins
Q8IVL9,Q9P258,MERGED segun uniprot_cache.db (inactiveReason.mergeDemergeTo); ambas accesiones estaban en proteins
Q8IVR9,Q9Y3A4,MERGED segun uniprot_cache.db (inactiveReason.mergeDemergeTo); ambas accesiones estaban en proteins
Q8IW16,Q96MG7,MERGED segun uniprot_cache.db (inactiveReason.mergeDemergeTo); ambas accesiones estaban en proteins
Q8IWG8,Q5T3I0,MERGED segun uniprot_cache.db (inactiveReason.mergeDemergeTo); ambas accesiones estaban en proteins
Q8IY12,Q96SB4,MERGED segun uniprot_cache.db (inactiveReason.mergeDemergeTo); ambas accesiones estaban en proteins
Q8IYH0,Q8NHQ9,MERGED segun uniprot_cache.db (inactiveReason.mergeDemergeTo); ambas accesiones estaban en proteins
Q8IYI9,Q05D32,MERGED segun uniprot_cache.db (inactiveReason.mergeDemergeTo); ambas accesiones estaban en proteins
Q8K3G7,Q99P72,MERGED segun uniprot_cache.db (inactiveReason.mergeDemergeTo); ambas accesiones estaban en proteins
Q8N0W8,Q5BKY9,MERGED segun uniprot_cache.db (inactiveReason.mergeDemergeTo); ambas accesiones estaban en proteins
Q8N417,Q68D10,MERGED segun uniprot_cache.db (inactiveReason.mergeDemergeTo); ambas accesiones estaban en proteins
Q8N935,Q52LJ0,MERGED segun uniprot_cache.db (inactiveReason.mergeDemergeTo); ambas accesiones estaban en proteins
Q8N9E5,Q16666,MERGED segun uniprot_cache.db (inactiveReason.mergeDemergeTo); ambas accesiones estaban en proteins
Q8NB06,P19338,MERGED segun uniprot_cache.db (inactiveReason.mergeDemergeTo); ambas accesiones estaban en proteins
Q8NBE6,O75643,MERGED segun uniprot_cache.db (inactiveReason.mergeDemergeTo); ambas accesiones estaban en proteins
Q8NCD9,Q969X6,MERGED segun uniprot_cache.db (inactiveReason.mergeDemergeTo); ambas accesiones estaban en proteins
Q8NEP4,O43236,MERGED segun uniprot_cache.db (inactiveReason.mergeDemergeTo); ambas accesiones estaban en proteins
Q8NHS8,P78345,MERGED segun uniprot_cache.db (inactiveReason.mergeDemergeTo); ambas accesiones estaban en proteins
Q8TB66,Q9BYG3,MERGED segun uniprot_cache.db (inactiveReason.mergeDemergeTo); ambas accesiones estaban en proteins
Q8TBR6,P78316,MERGED segun uniprot_cache.db (inactiveReason.mergeDemergeTo); ambas accesiones estaban en proteins
Q8TCV6,P23527,MERGED segun uniprot_cache.db (inactiveReason.mergeDemergeTo); ambas accesiones estaban en proteins
Q8TDY0,Q9NXF1,MERGED segun uniprot_cache.db (inactiveReason.mergeDemergeTo); ambas accesiones estaban en proteins
Q8TEZ1,Q9H6R4,MERGED segun uniprot_cache.db (inactiveReason.mergeDemergeTo); ambas accesiones estaban en proteins
Q8WUY5,Q2NL82,MERGED segun uniprot_cache.db (inactiveReason.mergeDemergeTo); ambas accesiones estaban en proteins
Q8WUZ1,O76021,MERGED segun uniprot_cache.db (inactiveReason.mergeDemergeTo); ambas accesiones estaban en proteins
Q8WV53,Q9NUQ6,MERGED segun uniprot_cache.db (inactiveReason.mergeDemergeTo); ambas accesiones estaban en proteins
Q8WVB8,Q9NRX1,MERGED segun uniprot_cache.db (inactiveReason.mergeDemergeTo); ambas accesiones estaban en proteins
Q8WXZ8,Q9H9Y2,MERGED segun uniprot_cache.db (inactiveReason.mergeDemergeTo); ambas accesiones estaban en proteins
Q96A52,Q13428,MERGED segun uniprot_cache.db (inactiveReason.mergeDemergeTo); ambas accesiones estaban en proteins
Q96A78,Q12788,MERGED segun uniprot_cache.db (inactiveReason.mergeDemergeTo); ambas accesiones estaban en proteins
Q96AT5,Q13601,MERGED segun uniprot_cache.db (inactiveReason.mergeDemergeTo); ambas accesiones estaban en proteins
Q96B52,P42771,MERGED segun uniprot_cache.db (inactiveReason.mergeDemergeTo); ambas accesiones estaban en proteins
Q96CL3,Q8WXE1,MERGED segun uniprot_cache.db (inactiveReason.mergeDemergeTo); ambas accesiones estaban en proteins
Q96DK2,Q8NEF9,MERGED segun uniprot_cache.db (inactiveReason.mergeDemergeTo); ambas accesiones estaban en proteins
Q96E87,Q5JTH9,MERGED segun uniprot_cache.db (inactiveReason.mergeDemergeTo); ambas accesiones estaban en proteins
Q96E91,Q9H8H2,MERGED segun uniprot_cache.db (inactiveReason.mergeDemergeTo); ambas accesiones estaban en proteins
Q96FD2,Q9Y314,MERGED segun uniprot_cache.db (inactiveReason.mergeDemergeTo); ambas accesiones estaban en proteins
Q96FJ1,Q9BXS6,MERGED segun uniprot_cache.db (inactiveReason.mergeDemergeTo); ambas accesiones estaban en proteins
Q96FT1,Q8IZL8,MERGED segun uniprot_cache.db (inactiveReason.mergeDemergeTo); ambas accesiones estaban en proteins
Q96G92,Q8N9T8,MERGED segun uniprot_cache.db (inactiveReason.mergeDemergeTo); ambas accesiones estaban en proteins
Q96I08,Q5C9Z4,MERGED segun uniprot_cache.db (inactiveReason.mergeDemergeTo); ambas accesiones estaban en proteins
Q96J10,Q8IWA0,MERGED segun uniprot_cache.db (inactiveReason.mergeDemergeTo); ambas accesiones estaban en proteins
Q96J95,Q15020,MERGED segun uniprot_cache.db (inactiveReason.mergeDemergeTo); ambas accesiones estaban en proteins
Q96JD3,Q5VTR2,MERGED segun uniprot_cache.db (inactiveReason.mergeDemergeTo); ambas accesiones estaban en proteins
Q96JN4,Q14004,MERGED segun uniprot_cache.db (inactiveReason.mergeDemergeTo); ambas accesiones estaban en proteins
Q96JY7,Q9NV06,MERGED segun uniprot_cache.db (inactiveReason.mergeDemergeTo); ambas accesiones estaban en proteins
Q96LC1,O60506,MERGED segun uniprot_cache.db (inactiveReason.mergeDemergeTo); ambas accesiones estaban en proteins
Q96PK5,Q96PK6,MERGED segun uniprot_cache.db (inactiveReason.mergeDemergeTo); ambas accesiones estaban en proteins
Q96QJ8,Q9NWT1,MERGED segun uniprot_cache.db (inactiveReason.mergeDemergeTo); ambas accesiones estaban en proteins
Q96SS3,Q96C01,MERGED segun uniprot_cache.db (inactiveReason.mergeDemergeTo); ambas accesiones estaban en proteins
Q96TA6,Q8TBF4,MERGED segun uniprot_cache.db (inactiveReason.mergeDemergeTo); ambas accesiones estaban en proteins
Q9BPV9,Q9UKD2,MERGED segun uniprot_cache.db (inactiveReason.mergeDemergeTo); ambas accesiones estaban en proteins
Q9BPY6,Q9Y4C8,MERGED segun uniprot_cache.db (inactiveReason.mergeDemergeTo); ambas accesiones estaban en proteins
Q9BRC9,Q6RFH5,MERGED segun uniprot_cache.db (inactiveReason.mergeDemergeTo); ambas accesiones estaban en proteins
Q9BRF6,Q96EU6,MERGED segun uniprot_cache.db (inactiveReason.mergeDemergeTo); ambas accesiones estaban en proteins
Q9BUT3,Q6IBW4,MERGED segun uniprot_cache.db (inactiveReason.mergeDemergeTo); ambas accesiones estaban en proteins
Q9BVP6,O00148,MERGED segun uniprot_cache.db (inactiveReason.mergeDemergeTo); ambas accesiones estaban en proteins
Q9BW93,Q7LBC6,MERGED segun uniprot_cache.db (inactiveReason.mergeDemergeTo); ambas accesiones estaban en proteins
Q9BWL9,P52272,MERGED segun uniprot_cache.db (inactiveReason.mergeDemergeTo); ambas accesiones estaban en proteins
Q9BXK4,Q13535,MERGED segun uniprot_cache.db (inactiveReason.mergeDemergeTo); ambas accesiones estaban en proteins
Q9BYG9,P06748,MERGED segun uniprot_cache.db (inactiveReason.mergeDemergeTo); ambas accesiones estaban en proteins
Q9BZQ1,Q7Z2T5,MERGED segun uniprot_cache.db (inactiveReason.mergeDemergeTo); ambas accesiones estaban en proteins
Q9FFQ8,Q84JB7,MERGED segun uniprot_cache.db (inactiveReason.mergeDemergeTo); ambas accesiones estaban en proteins
Q9GZW3,Q9GZR2,MERGED segun uniprot_cache.db (inactiveReason.mergeDemergeTo); ambas accesiones estaban en proteins
Q9H027,Q8N567,MERGED segun uniprot_cache.db (inactiveReason.mergeDemergeTo); ambas accesiones estaban en proteins
Q9H245,Q6P1J9,MERGED segun uniprot_cache.db (inactiveReason.mergeDemergeTo); ambas accesiones estaban en proteins
Q9H2G1,Q14966,MERGED segun uniprot_cache.db (inactiveReason.mergeDemergeTo); ambas accesiones estaban en proteins
Q9H381,Q53GS9,MERGED segun uniprot_cache.db (inactiveReason.mergeDemergeTo); ambas accesiones estaban en proteins
Q9H3H4,O75691,MERGED segun uniprot_cache.db (inactiveReason.mergeDemergeTo); ambas accesiones estaban en proteins
Q9H3L4,Q9P016,MERGED segun uniprot_cache.db (inactiveReason.mergeDemergeTo); ambas accesiones estaban en proteins
Q9H586,Q76FK4,MERGED segun uniprot_cache.db (inactiveReason.mergeDemergeTo); ambas accesiones estaban en proteins
Q9H5L4,Q5SY16,MERGED segun uniprot_cache.db (inactiveReason.mergeDemergeTo); ambas accesiones estaban en proteins
Q9H5M6,Q8WTT2,MERGED segun uniprot_cache.db (inactiveReason.mergeDemergeTo); ambas accesiones estaban en proteins
Q9H7U0,Q6NW34,MERGED segun uniprot_cache.db (inactiveReason.mergeDemergeTo); ambas accesiones estaban en proteins
Q9H830,Q5UIP0,MERGED segun uniprot_cache.db (inactiveReason.mergeDemergeTo); ambas accesiones estaban en proteins
Q9H855,Q9BSC4,MERGED segun uniprot_cache.db (inactiveReason.mergeDemergeTo); ambas accesiones estaban en proteins
Q9H8U9,Q9NWH9,MERGED segun uniprot_cache.db (inactiveReason.mergeDemergeTo); ambas accesiones estaban en proteins
Q9H9F8,Q8TED0,MERGED segun uniprot_cache.db (inactiveReason.mergeDemergeTo); ambas accesiones estaban en proteins
Q9H9J6,Q76FK4,MERGED segun uniprot_cache.db (inactiveReason.mergeDemergeTo); ambas accesiones estaban en proteins
Q9H9V5,Q9Y4W2,MERGED segun uniprot_cache.db (inactiveReason.mergeDemergeTo); ambas accesiones estaban en proteins
Q9NSP6,Q9BY77,MERGED segun uniprot_cache.db (inactiveReason.mergeDemergeTo); ambas accesiones estaban en proteins
Q9NV36,Q8WXF1,MERGED segun uniprot_cache.db (inactiveReason.mergeDemergeTo); ambas accesiones estaban en proteins
Q9NVL3,Q9Y383,MERGED segun uniprot_cache.db (inactiveReason.mergeDemergeTo); ambas accesiones estaban en proteins
Q9NVP0,Q9NQW6,MERGED segun uniprot_cache.db (inactiveReason.mergeDemergeTo); ambas accesiones estaban en proteins
Q9NVW5,Q53HL2,MERGED segun uniprot_cache.db (inactiveReason.mergeDemergeTo); ambas accesiones estaban en proteins
Q9NVY2,Q6RFH5,MERGED segun uniprot_cache.db (inactiveReason.mergeDemergeTo); ambas accesiones estaban en proteins
Q9NW67,Q8NDF8,MERGED segun uniprot_cache.db (inactiveReason.mergeDemergeTo); ambas accesiones estaban en proteins
Q9NXH4,Q5T3I0,MERGED segun uniprot_cache.db (inactiveReason.mergeDemergeTo); ambas accesiones estaban en proteins
Q9NXK4,Q9H6Y2,MERGED segun uniprot_cache.db (inactiveReason.mergeDemergeTo); ambas accesiones estaban en proteins
Q9NYH0,Q9NXV6,MERGED segun uniprot_cache.db (inactiveReason.mergeDemergeTo); ambas accesiones estaban en proteins
Q9P1V2,Q96T60,MERGED segun uniprot_cache.db (inactiveReason.mergeDemergeTo); ambas accesiones estaban en proteins
Q9P2R9,Q66PJ3,MERGED segun uniprot_cache.db (inactiveReason.mergeDemergeTo); ambas accesiones estaban en proteins
Q9T0J7,Q8H1F0,MERGED segun uniprot_cache.db (inactiveReason.mergeDemergeTo); ambas accesiones estaban en proteins
Q9UG18,Q9H8H0,MERGED segun uniprot_cache.db (inactiveReason.mergeDemergeTo); ambas accesiones estaban en proteins
Q9UG39,A6NHR9,MERGED segun uniprot_cache.db (inactiveReason.mergeDemergeTo); ambas accesiones estaban en proteins
Q9UHY0,Q5SSJ5,MERGED segun uniprot_cache.db (inactiveReason.mergeDemergeTo); ambas accesiones estaban en proteins
Q9UJY0,Q9BVP2,MERGED segun uniprot_cache.db (inactiveReason.mergeDemergeTo); ambas accesiones estaban en proteins
Q9UP86,Q92878,MERGED segun uniprot_cache.db (inactiveReason.mergeDemergeTo); ambas accesiones estaban en proteins
Q9UPP5,Q5XKL5,MERGED segun uniprot_cache.db (inactiveReason.mergeDemergeTo); ambas accesiones estaban en proteins
Q9Y321,Q9NTM9,MERGED segun uniprot_cache.db (inactiveReason.mergeDemergeTo); ambas accesiones estaban en proteins
Q9Y4S3,Q8NC51,MERGED segun uniprot_cache.db (inactiveReason.mergeDemergeTo); ambas accesiones estaban en proteins
Q9Y658,Q7L014,MERGED segun uniprot_cache.db (inactiveReason.mergeDemergeTo); ambas accesiones estaban en proteins
Q9Y6Y3,Q6KC79,MERGED segun uniprot_cache.db (inactiveReason.mergeDemergeTo); ambas accesiones estaban en proteins
X6RAL5,O00422,MERGED segun uniprot_cache.db (inactiveReason.mergeDemergeTo); ambas accesiones estaban en proteins
