"C-mod name","Biomolecular Type","Condensates","Phenotypic Class","PMID"
"#129","small molecule","DEE660B4","dissolver","39710983"
"17AGG","small molecule","DEE660B4","dissolver","40114316"
"17‐Allylamino‐17‐demethoxygeldanamycin","small molecule","232F8A39| 804901D1| DEE660B4","dissolver| localizer| inducer","33738926"
"17-Allylamino-geldanamycin","small molecule","940DCD6E","inducer","34251416"
"1c","small molecule","03D56D03","dissolver","36471564"
"2-[2-(3-chlorophenyl)hydrazinylidene]-propanedinitrile","small molecule","550E224B","inducer","35975718"
"2-arachidonoylglycerol","natural product","232F8A39","inducer","38876400"
"2-aryl-4-aminothiazole","small molecule","804901D1","dissolver","37587144"
"3,4,5,4′-tetramethoxystilbene","small molecule","DEE660B4","inducer","34432484"
"3a","small molecule","38D1B6BE","dissolver","37834006"
"4-Amino-3',4'-dihydroxychalcone","small molecule","03D56D03","morpher","40226980"
"4-Hydroxynonenal","small molecule","DEE660B4","inducer","25998392"
"5","small molecule","DEE660B4","dissolver","39294374"
"5-diphospho-inositol-1,2,3,4,6-pentakisphosphate","small molecule","91857CE7","inducer","36671538"
"5-fluorouracil","small molecule","6F24707C","dissolver|morpher","35151311"
"5z-7-oxozeaenol","natural product","940DCD6E| 923DEEBC","inducer| dissolver","34251416"
"6-BIO","small molecule","38D1B6BE","inducer","36795767"
"6-thioguanine","small molecule","DEE660B4","inducer","33762409"
"6-thioguanosine","small molecule","DEE660B4","inducer","33762409"
"8-Hydroxyquinoline","small molecule","DEE660B4","dissolver","31272829"
"A1070722","small molecule","38D1B6BE","inducer","36795767"
"A2","small molecule","BEB5E62D","dissolver","37937963"
"A5","small molecule","BEB5E62D","dissolver","37937963"
"A6","small molecule","EF01EA24","inducer","41406964"
"a-amanitin","peptide","91857CE7| DEE660B4","localizer| dissolver","34380923| 38366783"
"ACI-6677","monoclonal antibody","ED4B3785","dissolver","39363348"
"Actinomycin D","small molecule","DEE660B4","dissolver","38366783| 34244458"
"ADOX","small molecule","81D2A7B6","inducer","39052476"
"ADP-heptose","small molecule","437BC32B","inducer","38357697"
"Afatinib","small molecule","DEE660B4","inducer","38014036"
"AHL-030","small molecule","232F8A39| DEE660B4","dissolver| inducer","37159397"
"Albendazole","small molecule","940DCD6E","inducer","34251416"
"Alectinib","small molecule","200B29C3","inducer","34661367"
"AMG-47a","small molecule","923DEEBC","dissolver","34251416"
"AMG-Tie2-1","small molecule","923DEEBC","dissolver","34251416"
"AMI-1","small molecule","D8E9712B","dissolver","39052476"
"Aminocyclopropenone 1n","small molecule","38EC0B30","dissolver","35159127"
"Anisomycin","small molecule","DEE660B4| 923DEEBC","dissolver","31272829| 38105199| 34251416"
"Antimycin A","small molecule","550E224B","inducer","35975718"
"Apatinib","small molecule","6F24707C","dissolver|morpher","35151311"
"Apigenin","small molecule","DEE660B4","inducer","38375951"
"Artemisinin","small molecule","6F24707C","dissolver","35151311"
"AS-605240","small molecule","1A18FFC4","dissolver","36099417"
"Auranofin","small molecule","DEE660B4| C4912696| 940DCD6E","inducer| dissolver","38014036| 41392982| 34251416"
"Autophinib","small molecule","38D1B6BE","inducer","36795767"
"AV-412","small molecule","940DCD6E","inducer","34251416"
"AV951","small molecule","923DEEBC","dissolver","34251416"
"Avrainvillamide","small molecule","91857CE7","localizer","27906185"
"AZD2858","small molecule","C4912696","dissolver","41117221"
"AZD8055","small molecule","DEE660B4","dissolver","30923191"
"Baicalein","small molecule","904EB3AA","dissolver","41075517"
"b-AP15","small molecule","DEE660B4","inducer","33687997"
"BAPTA-AM","small molecule","940DCD6E","inducer","34251416"
"Benzethonium","small molecule","DEE660B4","dissolver","31272829"
"Benzoyl benzoic acid","small molecule","7954D4A1","dissolver","41235398"
"Berberine chloride","small molecule","DEE660B4","localizer","36606141"
"Beta-lapachone","small molecule","940DCD6E","inducer","34251416"
"BI1071","small molecule","927B5294","inducer","38486987"
"BIBW2992","small molecule","DEE660B4","unknown","35433677"
"bis-ANS","small molecule","DEE660B4| 03D56D03","morpher| inducer|dissolver","33149109"
"BiTud","peptide","DEE660B4","dissolver","38126399"
"Bleomycin","small molecule","A0DCDA94","inducer","34306316"
"BMH-21","small molecule","A0DCDA94","dissolver","37582658"
"BMH21","small molecule","91857CE7","localizer","24952786"
"Bortezomib","small molecule","DEE660B4| 940DCD6E| 38D1B6BE","inducer","33687997| 34251416| 36795767"
"Bosutinib","small molecule","38D1B6BE","dissolver","36795767"
"BX795","small molecule","923DEEBC","dissolver","34251416"
"C1","small molecule","03D56D03","dissolver","34008959"
"C16","small molecule","DEE660B4","dissolver","36651745"
"Cadmium(II)","small molecule","B5B9A610","localizer","40243484"
"Calicheamicin","small molecule","DEE660B4","inducer","33857636"
"Carbon monoxide-releasing molecular-A1","small molecule","A0DCDA94| DEE660B4","dissolver| inducer","34306316"
"Carfilzomib","small molecule","38D1B6BE","inducer","36795767"
"CAY10626","small molecule","1A18FFC4","dissolver","36099417"
"CB-5083","small molecule","DEE660B4","inducer","33687997"
"cb-N-Apt17","oligonucleotide","38D1B6BE","dissolver","38376366"
"CDK2 inhibitor IV","small molecule","DEE660B4","morpher","23415227"
"CDK4 inhibitor III","small molecule","DEE660B4","morpher","23415227"
"Cephaeline","small molecule","DEE660B4","dissolver","38105199"
"Ceritinib","small molecule","DEE660B4| 200B29C3","inducer| dissolver","38731625| 34661367"
"CGX-635","small molecule","91857CE7","inducer","38745030"
"CHIR-98014","small molecule","38D1B6BE","inducer","36795767"
"Chromium(III)","small molecule","B5B9A610","localizer","40243484"
"Cisplatin","small molecule","232F8A39| 38EC0B30| 6F24707C| 91857CE7| DEE660B4","dissolver| dissolver|morpher| inducer","40247038| 32554597| 35151311| 39862843| 40114316| 39575153| 41328536"
"Claramine","small molecule","6ECDA717","inducer","38714700"
"Cl-GQDs-OH","other","DEE660B4","dissolver","38582774"
"CMP76","small molecule","DEE660B4","localizer","40943063"
"CN-0928","small molecule","9EE57072","dissolver","41298370"
"Cobalt(II)","small molecule","B5B9A610","localizer","40243484"
"CP21R7","small molecule","38D1B6BE","inducer","36795767"
"CrACP1","peptide","7A2955EF","morpher","38483823"
"Curcumin","small molecule","C22D95C0| 6ECDA717","dissolver| morpher","37158592| 36061735"
"Curcurmin","natural product","6ECDA717","dissolver","38731658"
"CX-5461","small molecule","91857CE7","morpher","35978024"
"Cycloheximide","small molecule","232F8A39| DEE660B4| 24475C75| 923DEEBC","dissolver| inducer","40247038| 35935992| 38105199| 41406227| 34251416"
"Cyclopamine","small molecule","21EC1620","morpher","34234347"
"Cysteine Au nanospheres","other","DEE660B4","inducer","39862843"
"Cytochalasin D","small molecule","940DCD6E| 629EEE1F","inducer| morpher","34251416| 37033474"
"Daporinad","small molecule","A0DCDA94","inducer","36849518"
"Dasatinib","small molecule","1A18FFC4","dissolver","36099417"
"Daunorubicin","small molecule","DEE660B4","dissolver","31272829"
"DCC-2036","small molecule","923DEEBC","dissolver","34251416"
"D-cysteine Au nanospheres","other","DEE660B4","inducer","39862843"
"DHD","small molecule","DEE660B4","dissolver","40306108"
"D-histidine Au nanospheres","other","DEE660B4","inducer","39862843"
"Diclofenac","small molecule","6A1B29D1","localizer","37660155"
"Digitoxin","small molecule","DEE660B4","dissolver","31272829"
"Dihydrocapsaicin","natural product","DEE660B4","inducer","34953209"
"DNL343","small molecule","DEE660B4","dissolver","38511649"
"Doxorubicin","small molecule","A0DCDA94| B57B8AD8| DEE660B4| 1AE015A9","inducer| dissolver","34504951| 37689690| 31272829| 37379838| 40899520"
"D-penicillamine Au nanospheres","other","DEE660B4","inducer| dissolver","39862843"
"Echinacoside","natural product","6ECDA717","dissolver","39818366"
"Efavirenz","small molecule","DEE660B4","dissolver","34857678"
"Emetine","small molecule","DEE660B4| 923DEEBC","dissolver","38105199| 34251416"
"EN450","small molecule","DEE660B4","inducer","38014036"
"(-)-Epigallocatechin-3-gallate","natural product","03D56D03","inducer","36688583"
"Erlotinib","small molecule","DEE660B4","unknown","35433677"
"Etoposide","small molecule","91857CE7","localizer","38224452"
"Everolimus","small molecule","DEE660B4","dissolver","30923191"
"EX527","small molecule","02F8D883","dissolver","35879450"
"F10 DARPin","protein","DEE660B4","dissolver","35476995"
"Fascaplysin","small molecule","940DCD6E","inducer","34251416"
"Fedratinib","small molecule","B5B9A610","inducer","41325773"
"Flagellin","small molecule","437BC32B","inducer","38357697"
"FLU","small molecule","DEE660B4","dissolver","40306108"
"Fluspirilene","small molecule","DEE660B4","localizer","39708056"
"Forsythoside B","natural product","6ECDA717","dissolver","39818366"
"Furoxan","small molecule","940DCD6E","inducer","34251416"
"G007-LK","small molecule","7FF4107C","inducer","26930278"
"G3BP1 190-208 CPP","peptide","DEE660B4","dissolver","40014573"
"G3Ia","small molecule","DEE660B4","dissolver","38284934"
"G3Ib","small molecule","DEE660B4","dissolver","38284934"
"(-)-Gallocatechin gallate","natural product","38D1B6BE","dissolver","33837182"
"(− )-Gallocatechin gallate","natural compound","38D1B6BE","dissolver","40086356"
"Ganetespib","small molecule","940DCD6E","inducer","34251416"
"GCTR","small molecule","03D56D03","dissolver","38507972"
"GDC-0980","small molecule","923DEEBC","dissolver","34251416"
"Gefitinib","small molecule","98C8800A| DEE660B4","inducer| unknown","37847732| 35433677"
"Geldanamycin","small molecule","232F8A39| 804901D1| DEE660B4| 940DCD6E| 03D56D03","dissolver| localizer| inducer| inducer|morpher","33738926| 38731625| 39040524| 34251416| 38545836"
"GKY20","peptide","38D1B6BE","morpher","38483823"
"GNE-493","small molecule","923DEEBC","dissolver","34251416"
"Gold nanoparticle–DNA","dna","DEE660B4","inducer","40944981"
"GQDs-Cl","other","DEE660B4","dissolver","38582774"
"Gramicidin","small molecule","940DCD6E","inducer","34251416"
"Graphene Quantum Dots","small molecule","DEE660B4","dissolver","39901566"
"Green Tea Polyphenols (GTP)","natural product","6ECDA717","dissolver| unknown","38365968"
"GSK","small molecule","DEE660B4","dissolver","40306108"
"GSK1059615","small molecule","1A18FFC4","dissolver","36099417"
"GSK2606414","small molecule","DEE660B4","dissolver","35935992"
"GSK-626616","small molecule","DEE660B4","inducer","29973724"
"GSK626616","small molecule","804901D1| DEE660B4","localizer| inducer| morpher","33738926| 23415227"
"GSK690693","small molecule","232F8A39","inducer","33586867"
"GSK8612","small molecule","DEE660B4","dissolver","40114316"
"GSK-J4","small molecule","38EC0B30","dissolver","38976739"
"GTPL6019","small molecule","923DEEBC","dissolver","34251416"
"Guanosine 12-mer","oligonucleotide","38D1B6BE","localizer","36748338"
"GW856553X","small molecule","923DEEBC","dissolver","34251416"
"Harmine","natural product","6F24707C| DEE660B4","dissolver| morpher","39258320| 23415227"
"Harringtonine","small molecule","DEE660B4","dissolver","38105199"
"Herbimycin A","small molecule","940DCD6E","inducer","34251416"
"HHS-166","small molecule","DEE660B4","dissolver","37159397"
"Histidine Au nanospheres","other","DEE660B4","inducer","39862843"
"HMS3229I17","small molecule","DEE660B4","morpher","23415227"
"Homoharringtonine","small molecule","19D3735D","inducer","41472850"
"Hydrogen sulfide","small molecule","DEE660B4","inducer","40202609"
"Ibrutinib","small molecule","DEE660B4","inducer","38014036"
"Icaritin","small molecule","DEE660B4","dissolver","38368261"
"IGS2.7","small molecule","DEE660B4","dissolver","38325718"
"IKK-2 inhibitor VI","small molecule","923DEEBC","dissolver","34251416"
"IKK inhibitor VII","small molecule","923DEEBC","dissolver","34251416"
"IL-1b","small molecule","437BC32B","inducer","38357697"
"Imatinib","small molecule","DEE660B4","dissolver","31735741"
"INK128","small molecule","1A18FFC4| 923DEEBC","dissolver","36099417| 34251416"
"Integrated Stress Response Inhibitor","small molecule","DEE660B4","dissolver| inducer","40281543| 40887259"
"ION363","oligonucleotide","C22D95C0","dissolver","35075293"
"Isoginkgetin","small molecule","DEE660B4","dissolver","38366783"
"ISRIB","small molecule","DEE660B4","dissolver","25719440"
"Ixazomib","small molecule","38D1B6BE","inducer","36795767"
"JAK3 inhibitor IV","small molecule","DEE660B4","morpher","23415227"
"JC19","small molecule","DEE660B4","inducer","38014036"
"JQ1","small molecule","38EC0B30","dissolver","32554597"
"K-252a","small molecule","923DEEBC","dissolver","34251416"
"Kanamycin A","small molecule","38D1B6BE","dissolver","33290746"
"KB2","fragment","DEE660B4","inducer","38014036"
"KB20","fragment","DEE660B4","inducer","38014036"
"KB23","fragment","DEE660B4","inducer","38014036"
"KB5","fragment","DEE660B4","inducer","38014036"
"KB7","fragment","DEE660B4","inducer","38014036"
"KU0063794","small molecule","923DEEBC","dissolver","34251416"
"KW-2449","small molecule","923DEEBC","dissolver","34251416"
"KX01","small molecule","940DCD6E","inducer","34251416"
"Lactimidomycin","small molecule","DEE660B4","dissolver","38105199"
"Laduviglusib","small molecule","38D1B6BE","inducer","36795767"
"Lapatinib","small molecule","DEE660B4","inducer","32365111"
"Latrunculin B","small molecule","940DCD6E","inducer","34251416"
"L-cysteine Au nanospheres","other","DEE660B4","inducer","39862843"
"LFM-A13","small molecule","DEE660B4","dissolver","35798143"
"Licochalcone B","small molecule","DEE660B4","dissolver|morpher","40930288"
"LL-III","peptide","38D1B6BE| 6ECDA717","morpher| inducer","38483823| 34165838"
"Lobeline","small molecule","DEE660B4","inducer","41053069"
"Lopinavir","small molecule","BE404912","inducer","38433354"
"Lorecivivint","small molecule","804901D1","inducer","31132406"
"Lorlatinib","small molecule","200B29C3","dissolver","34661367"
"L-penicillamine Au nanospheres","other","DEE660B4","inducer","39862843"
"LPS","small molecule","437BC32B","inducer","38357697"
"Lurbinectedin","small molecule","91857CE7","localizer","27697767| 35657345"
"LY2090314","small molecule","38D1B6BE","inducer","36795767"
"LY3023414","small molecule","1A18FFC4","dissolver","36099417"
"LY-83583","small molecule","940DCD6E","inducer","34251416"
"Lycorine","small molecule","923DEEBC","dissolver","34251416"
"Methylene blue","small molecule","03D56D03","inducer","37673952"
"MG132","small molecule","DEE660B4| 940DCD6E","inducer","27570075| 34251416"
"MI-2","small molecule","DEE660B4","localizer","36606141"
"MI-3","small molecule","DEE660B4","localizer","36606141"
"Mitoxantrone","small molecule","DEE660B4","dissolver","31272829| 40284406"
"MK.2206","small molecule","DEE660B4","unknown","35433677"
"Morusin","natural product","DEE660B4","inducer","32731602"
"MS023","small molecule","81D2A7B6| DEE660B4","inducer","39052476| 34029587"
"Myricetin","natural product","DEE660B4| 6ECDA717","dissolver| morpher","34560101| 35657723"
"NAL","small molecule","DEE660B4","dissolver","40306108"
"NB001","small molecule","DEE660B4","inducer","38014036"
"Netarsudil","small molecule","B5B9A610","inducer","41325773"
"NG25","small molecule","923DEEBC","dissolver","34251416"
"NIP-V","peptide","38D1B6BE","dissolver","34239064"
"NMS-873","small molecule","DEE660B4","inducer","33687997"
"Nobiletin","natural product","DEE660B4","dissolver","35631419"
"Nocodazole","small molecule","886620B0| 03D56D03","dissolver| inducer","28680096| 39032487"
"NS-1619","small molecule","940DCD6E","inducer","34251416"
"NSIP-III","peptide","38D1B6BE","dissolver","38172120"
"NU7441 + CLM","other","DEE660B4","localizer","33857636"
"Nusinersen","oligonucleotide","6F24707C","inducer","32612161"
"NVP-AUY922","small molecule","940DCD6E","inducer","34251416"
"NVP-BHG712","small molecule","923DEEBC","dissolver","34251416"
"ODN","small molecule","437BC32B","inducer","38357697"
"Olaparib","small molecule","A0DCDA94","inducer","36849518| 29992957"
"Oligomycin A","small molecule","550E224B","inducer","35975718"
"Olverembatinib","small molecule","38D1B6BE","dissolver","36795767"
"Oprozomib","small molecule","38D1B6BE","inducer","36795767"
"Osimertinib","small molecule","B5B9A610","inducer","41325773"
"OTSSP167","small molecule","923DEEBC","dissolver","34251416"
"Oxaliplatin","small molecule","91857CE7","localizer","31670961| 36351392"
"Oxibendazole","small molecule","940DCD6E","inducer","34251416"
"p38 MAPK inhibitor VIII","small molecule","923DEEBC","dissolver","34251416"
"Paclitaxel","small molecule","DEE660B4","inducer","34857678"
"Pactamycin","small molecule","DEE660B4","dissolver","38105199"
"Palbociclib","small molecule","DEE660B4","unknown","35433677"
"Pam2CSK4","small molecule","437BC32B","inducer","38357697"
"PARP14i","small molecule","DEE660B4","dissolver","39760726"
"Parthenolide","small molecule","940DCD6E","inducer","34251416"
"Pateamine A","natural product","DEE660B4","inducer","29258238"
"PAV-615","small molecule","D12E4DB9","dissolver","41440030"
"PCG","natural product","38EC0B30","inducer","35072011"
"PD 169316","small molecule","923DEEBC","dissolver","34251416"
"PD184352","small molecule","232F8A39","dissolver","37370689"
"PDGF receptor tyrosine kinase inhibitor III","small molecule","923DEEBC","dissolver","34251416"
"Penfluridol","small molecule","DEE660B4","dissolver","31272829"
"Penicillamine Au nanospheres","other","DEE660B4","inducer","39862843"
"perillaldehyde","natural product","DEE660B4","inducer","39951026"
"PH-797804","small molecule","923DEEBC","dissolver","34251416"
"Phillygenin","natural product","DEE660B4","inducer","35421804"
"PI-103","small molecule","1A18FFC4| 923DEEBC","dissolver","36099417| 34251416"
"PI-3Kα inhibitor IV","small molecule","923DEEBC","dissolver","34251416"
"Piceatannol","small molecule","DEE660B4","inducer","34432484"
"PIK-75","small molecule","1A18FFC4","dissolver","36099417"
"PIM447","small molecule","232F8A39","inducer","33586867"
"PJ34","small molecule","DEE660B4","localizer","29070863"
"PKI-402","small molecule","DEE660B4","inducer","38238825"
"PLB","small molecule","DEE660B4","dissolver","38366783"
"Polydeoxyribonucleotide","oligonucleotide","DEE660B4","dissolver","40343916"
"Polyhalogenated carbazoles","small molecule","B4E97D43","inducer","41064882"
"Ponatinib","small molecule","38D1B6BE","dissolver","36795767"
"PP242","small molecule","1A18FFC4","dissolver","36099417"
"PR-619","small molecule","DEE660B4","inducer","33687997"
"PROTAC (Proteolysis Targeting Chimera) degrader 129","small molecule","DEE660B4","dissolver","39710983"
"Pterostilbene","small molecule","DEE660B4","inducer","34432484"
"Pyridoxal hydrochloride","small molecule","DEE660B4","dissolver","40216204"
"Pyrvinium","small molecule","232F8A39| DEE660B4","dissolver| inducer","40247038| 31272829"
"Pyrvinium pamoate","small molecule","804901D1","morpher","38659924"
"Quercetin","natural product","DEE660B4","dissolver","40031974"
"R848","small molecule","437BC32B","inducer","38357697"
"Radicicol","small molecule","940DCD6E","inducer","34251416"
"Raloxifene","small molecule","DEE660B4","inducer","33203845"
"Raltitrexed","small molecule","6F24707C","dissolver|morpher","35151311"
"Rapamycin","natural product","718A9EC3| DEE660B4","dissolver| unknown","39536963| 35433677"
"RBN012579","small molecule","DEE660B4","dissolver","37873085"
"Resveratrol","small molecule","DEE660B4| D12E4DB9","inducer| dissolver","34432484| 41037255"
"RK-33","small molecule","DEE660B4","unknown","40863725"
"RK33","small molecule","DEE660B4","dissolver","33049245"
"(R)-lipoic acid","small molecule","DEE660B4","dissolver","37322067"
"RWJ-67657","small molecule","923DEEBC","dissolver","34251416"
"Salicylic acid","small molecule","9A8A194B","dissolver","40913711"
"Salvianolic acid A","small molecule","DEE660B4","dissolver","41349749"
"Salvianolic acid B","natural product","38D1B6BE","dissolver","36795767"
"SB2","small molecule","DEE660B4","dissolver","40306108"
"SB202190","small molecule","923DEEBC","dissolver","34251416"
"SB203580","small molecule","923DEEBC","dissolver","34251416"
"SB220025","small molecule","923DEEBC","dissolver","34251416"
"SB242235","small molecule","923DEEBC","dissolver","34251416"
"Selinexor","small molecule","91857CE7| 1A18FFC4","localizer| dissolver","30205049| 41115290"
"Sennoside A","natural product","38D1B6BE","dissolver","40371698"
"Sennoside B","natural product","38D1B6BE","dissolver","40371698"
"Sevoflurane","small molecule","DEE660B4","inducer","39610020"
"Shikonin","natural product","03D56D03","dissolver","35120943"
"SI-2","small molecule","FA66C19F","dissolver","33589584"
"Silvestrol","natural product","DEE660B4","inducer","29258238"
"SIP-U1-Antp","peptide","DEE660B4","dissolver","38731625"
"SO286","small molecule","6ECDA717","dissolver","41087580"
"Sodium azide","small molecule","550E224B","inducer","35975718"
"Sorafenib","small molecule","DEE660B4","inducer","40064891| 37216166"
"Spautin-1","small molecule","DEE660B4","localizer","36606141"
"Sulforaphane","natural product","38EC0B30","inducer","30338040"
"Suramin","small molecule","03D56D03","inducer","36894559"
"T-2 toxin","small molecule","DEE660B4","dissolver","38105199"
"TAK-243","small molecule","DEE660B4","inducer","33687997"
"Talazoparib","small molecule","A0DCDA94","inducer","36849518| 29992957"
"Tamoxifen","small molecule","38EC0B30","dissolver","32554597"
"Tannic acid","natural product","03D56D03","inducer|dissolver","38960272"
"TAT-SIP-C1","peptide","DEE660B4","dissolver","38731625"
"TAT-SIP-C2","peptide","DEE660B4","dissolver","38731625"
"TC12","small molecule","DEE660B4","inducer","38262290"
"TC39","small molecule","DEE660B4","inducer","38262290"
"TC6","small molecule","DEE660B4","inducer","38262290"
"TD-interfering peptide","peptide","200B29C3","dissolver","40875402"
"Temsirolimus","small molecule","DEE660B4","unknown","35433677"
"Thapsigargin","natural product","DEE660B4","inducer","40064891"
"Thimerosal","small molecule","C4912696","dissolver","41190242"
"Thimesoral","small molecule","940DCD6E","inducer","34251416"
"Titanium dioxide nanoparticles","natural product","DEE660B4","dissolver","39709656"
"Topotecan","small molecule","91857CE7","localizer","11709553"
"Torin 1","small molecule","1A18FFC4","dissolver","36099417"
"Torin-1","small molecule","232F8A39","dissolver","36634147"
"Trabectedin","small molecule","91857CE7","localizer","27697767"
"Trametinib","small molecule","232F8A39","dissolver","37370689"
"Trichostatin A","small molecule","DEE660B4","dissolver","34345843"
"Triptolide","natural product","DEE660B4","dissolver","38366783| 34244458"
"Tryptanthrin","small molecule","03D56D03","dissolver","38352474"
"Tubastatin","small molecule","DEE660B4","dissolver","34345843"
"Tubercidin","small molecule","804901D1","inducer","40121465"
"UNC6934","small molecule","91857CE7","localizer","34782742"
"Veliparib","small molecule","A0DCDA94","inducer","36849518| 29992957"
"VER‐155008","small molecule","DEE660B4","inducer","33738926"
"Verdinexor","small molecule","BEB5E62D","dissolver","37937963"
"Vinblastine","small molecule","DEE660B4","dissolver","31272829"
"Vincristine","small molecule","DEE660B4","inducer","40064891"
"Vitamin C","small molecule","6F24707C","inducer","38583183"
"Vitamin K3","small molecule","6A1B29D1","localizer","37660155"
"VX702","small molecule","923DEEBC","dissolver","34251416"
"Wee1/Chk1 inhibitor","small molecule","DEE660B4","morpher","23415227"
"WIN","small molecule","DEE660B4","dissolver","40306108"
"WIN-62577","small molecule","DEE660B4","localizer","39708056"
"Withaferin A","small molecule","BEB5E62D","dissolver","37937963"
"WNK-643","small molecule","BEB5E62D","inducer","37937963"
"Wortmannin","small molecule","DEE660B4","dissolver","30923191"
"XAV939","small molecule","7FF4107C","inducer","26930278"
"XL-3156","small molecule","1A0B17A6","dissolver|morpher","40461475"
"XL-3158","small molecule","1A0B17A6","dissolver|morpher","40461475"
"XS561","small molecule","927B5294","inducer","38486987"
"Z-leu3-VS","small molecule","940DCD6E","inducer","34251416"
"ZXH-3-26","small molecule","634C353E","dissolver","37156794"
"ZZW-115","small molecule","DEE660B4","dissolver","38360999"